-- phpMyAdmin SQL Dump
-- version 4.0.9
-- http://www.phpmyadmin.net
--
-- Servidor: localhost
-- Tiempo de generación: 20-07-2014 a las 18:00:00
-- Versión del servidor: 5.5.34
-- Versión de PHP: 5.3.27

SET SQL_MODE = "NO_AUTO_VALUE_ON_ZERO";
SET time_zone = "+00:00";


/*!40101 SET @OLD_CHARACTER_SET_CLIENT=@@CHARACTER_SET_CLIENT */;
/*!40101 SET @OLD_CHARACTER_SET_RESULTS=@@CHARACTER_SET_RESULTS */;
/*!40101 SET @OLD_COLLATION_CONNECTION=@@COLLATION_CONNECTION */;
/*!40101 SET NAMES utf8 */;

--
-- Base de datos: `bd_sasep`
--

-- --------------------------------------------------------

--
-- Estructura de tabla para la tabla `tbl_ciudadgeneral`
--

CREATE TABLE IF NOT EXISTS `tbl_ciudadgeneral` (
  `CIGE_ID` int(11) NOT NULL AUTO_INCREMENT COMMENT 'ID',
  `DEGE_ID` int(11) DEFAULT NULL COMMENT 'ID DEPARTAMENTO',
  `CIGE_NOMBRE` varchar(50) NOT NULL COMMENT 'NOMBRE',
  `CIGE_REGISTRADOPOR` varchar(30) NOT NULL COMMENT 'REGISTRADO POR',
  `CIGE_FECHACAMBIO` date NOT NULL COMMENT 'FECHA DE CAMBIO',
  PRIMARY KEY (`CIGE_ID`),
  KEY `FK_DEGE_ID` (`DEGE_ID`)
) ENGINE=InnoDB  DEFAULT CHARSET=utf8 AUTO_INCREMENT=99776 ;

--
-- Volcado de datos para la tabla `tbl_ciudadgeneral`
--

INSERT INTO `tbl_ciudadgeneral` (`CIGE_ID`, `DEGE_ID`, `CIGE_NOMBRE`, `CIGE_REGISTRADOPOR`, `CIGE_FECHACAMBIO`) VALUES
(11, 1, 'SANTA FÉ', 'edilverbm', '0000-00-00'),
(1128, 0, 'NINGUNO', 'edilverbm', '0000-00-00'),
(5001, 5, 'MEDELLIN', 'edilverbm', '0000-00-00'),
(5002, 5, 'ABEJORRAL', 'edilverbm', '0000-00-00'),
(5004, 5, 'ABRIAQUI', 'edilverbm', '0000-00-00'),
(5021, 5, 'ALEJANDRIA', 'edilverbm', '0000-00-00'),
(5030, 5, 'AMAGA', 'edilverbm', '0000-00-00'),
(5031, 5, 'AMALFI', 'edilverbm', '0000-00-00'),
(5034, 5, 'ANDES', 'edilverbm', '0000-00-00'),
(5036, 5, 'ANGELOPOLIS', 'edilverbm', '0000-00-00'),
(5038, 5, 'ANGOSTURA', 'edilverbm', '0000-00-00'),
(5040, 5, 'ANORI', 'edilverbm', '0000-00-00'),
(5042, 5, 'ANTIOQUIA', 'edilverbm', '0000-00-00'),
(5044, 5, 'ANZA', 'edilverbm', '0000-00-00'),
(5045, 5, 'APARTADO', 'edilverbm', '0000-00-00'),
(5051, 5, 'ARBOLETES', 'edilverbm', '0000-00-00'),
(5055, 5, 'ARGELIA', 'edilverbm', '0000-00-00'),
(5059, 5, 'ARMENIA', 'edilverbm', '0000-00-00'),
(5079, 5, 'BARBOSA', 'edilverbm', '0000-00-00'),
(5086, 5, 'BELMIRA', 'edilverbm', '0000-00-00'),
(5088, 5, 'BELLO', 'edilverbm', '0000-00-00'),
(5091, 5, 'BETANIA', 'edilverbm', '0000-00-00'),
(5093, 5, 'BETULIA', 'edilverbm', '0000-00-00'),
(5101, 5, 'BOLIVAR', 'edilverbm', '0000-00-00'),
(5107, 5, 'BRICEÑO', 'edilverbm', '0000-00-00'),
(5113, 5, 'BURITICA', 'edilverbm', '0000-00-00'),
(5120, 5, 'CACERES', 'edilverbm', '0000-00-00'),
(5125, 5, 'CAICEDO', 'edilverbm', '0000-00-00'),
(5129, 5, 'CALDAS', 'edilverbm', '0000-00-00'),
(5134, 5, 'CAMPAMENTO', 'edilverbm', '0000-00-00'),
(5138, 5, 'CAÑASGORDAS', 'edilverbm', '0000-00-00'),
(5142, 5, 'CARACOLI', 'edilverbm', '0000-00-00'),
(5145, 5, 'CARAMANTA', 'edilverbm', '0000-00-00'),
(5147, 5, 'CAREPA', 'edilverbm', '0000-00-00'),
(5148, 5, 'CARMEN DE VIBORAL', 'edilverbm', '0000-00-00'),
(5150, 5, 'CAROLINA', 'edilverbm', '0000-00-00'),
(5154, 5, 'CAUCASIA', 'edilverbm', '0000-00-00'),
(5172, 5, 'CHIGORODO', 'edilverbm', '0000-00-00'),
(5190, 5, 'CISNEROS', 'edilverbm', '0000-00-00'),
(5197, 5, 'COCORNA', 'edilverbm', '0000-00-00'),
(5206, 5, 'CONCEPCION', 'edilverbm', '0000-00-00'),
(5209, 5, 'CONCORDIA', 'edilverbm', '0000-00-00'),
(5212, 5, 'COPACABANA', 'edilverbm', '0000-00-00'),
(5234, 5, 'DABEIBA', 'edilverbm', '0000-00-00'),
(5237, 5, 'DON MATIAS', 'edilverbm', '0000-00-00'),
(5240, 5, 'EBEJICO', 'edilverbm', '0000-00-00'),
(5250, 5, 'EL BAGRE', 'edilverbm', '0000-00-00'),
(5264, 5, 'ENTRERRIOS', 'edilverbm', '0000-00-00'),
(5266, 5, 'ENVIGADO', 'edilverbm', '0000-00-00'),
(5282, 5, 'FREDONIA', 'edilverbm', '0000-00-00'),
(5284, 5, 'FRONTINO', 'edilverbm', '0000-00-00'),
(5306, 5, 'GIRALDO', 'edilverbm', '0000-00-00'),
(5308, 5, 'GIRARDOTA', 'edilverbm', '0000-00-00'),
(5310, 5, 'GOMEZ PLATA', 'edilverbm', '0000-00-00'),
(5313, 5, 'GRANADA', 'edilverbm', '0000-00-00'),
(5315, 5, 'GUADALUPE', 'edilverbm', '0000-00-00'),
(5318, 5, 'GUARNE', 'edilverbm', '0000-00-00'),
(5321, 5, 'GUATAPE', 'edilverbm', '0000-00-00'),
(5347, 5, 'HELICONIA', 'edilverbm', '0000-00-00'),
(5353, 5, 'HISPANIA', 'edilverbm', '0000-00-00'),
(5360, 5, 'ITAGUI', 'edilverbm', '0000-00-00'),
(5361, 5, 'ITUANGO', 'edilverbm', '0000-00-00'),
(5364, 5, 'JARDIN', 'edilverbm', '0000-00-00'),
(5368, 5, 'JERICO', 'edilverbm', '0000-00-00'),
(5376, 5, 'LA CEJA', 'edilverbm', '0000-00-00'),
(5380, 5, 'LA ESTRELLA', 'edilverbm', '0000-00-00'),
(5390, 5, 'LA PINTADA', 'edilverbm', '0000-00-00'),
(5400, 5, 'LA UNION', 'edilverbm', '0000-00-00'),
(5411, 5, 'LIBORINA', 'edilverbm', '0000-00-00'),
(5425, 5, 'MACEO', 'edilverbm', '0000-00-00'),
(5440, 5, 'MARINILLA', 'edilverbm', '0000-00-00'),
(5467, 5, 'MONTEBELLO', 'edilverbm', '0000-00-00'),
(5475, 5, 'MURINDO', 'edilverbm', '0000-00-00'),
(5480, 5, 'MUTATA', 'edilverbm', '0000-00-00'),
(5483, 5, 'NARIÑO', 'edilverbm', '0000-00-00'),
(5490, 5, 'NECOCLI', 'edilverbm', '0000-00-00'),
(5495, 5, 'NECHI', 'edilverbm', '0000-00-00'),
(5501, 5, 'OLAYA', 'edilverbm', '0000-00-00'),
(5520, 5, 'SANTAFE DE ANTIOQUIA', 'edilverbm', '0000-00-00'),
(5541, 5, 'PEÑOL', 'edilverbm', '0000-00-00'),
(5543, 5, 'PEQUE', 'edilverbm', '0000-00-00'),
(5576, 5, 'PUEBLORRICO', 'edilverbm', '0000-00-00'),
(5579, 5, 'PUERTO BERRIO', 'edilverbm', '0000-00-00'),
(5585, 5, 'PUERTO NARE (LA MAGDALENA)', 'edilverbm', '0000-00-00'),
(5591, 5, 'PUERTO TRIUNFO', 'edilverbm', '0000-00-00'),
(5604, 5, 'REMEDIOS', 'edilverbm', '0000-00-00'),
(5607, 5, 'RETIRO', 'edilverbm', '0000-00-00'),
(5615, 5, 'RIONEGRO', 'edilverbm', '0000-00-00'),
(5628, 5, 'SABANALARGA', 'edilverbm', '0000-00-00'),
(5631, 5, 'SABANETA', 'edilverbm', '0000-00-00'),
(5642, 5, 'SALGAR', 'edilverbm', '0000-00-00'),
(5647, 5, 'SAN ANDRES', 'edilverbm', '0000-00-00'),
(5649, 5, 'SAN CARLOS', 'edilverbm', '0000-00-00'),
(5652, 5, 'SAN FRANCISCO', 'edilverbm', '0000-00-00'),
(5656, 5, 'SAN JERONIMO', 'edilverbm', '0000-00-00'),
(5658, 5, 'SAN JOSE DE LA MONTAÑA', 'edilverbm', '0000-00-00'),
(5659, 5, 'SAN JUAN DE URABA', 'edilverbm', '0000-00-00'),
(5660, 5, 'SAN LUIS', 'edilverbm', '0000-00-00'),
(5664, 5, 'SAN PEDRO', 'edilverbm', '0000-00-00'),
(5665, 5, 'SAN PEDRO DE URABA', 'edilverbm', '0000-00-00'),
(5667, 5, 'SAN RAFAEL', 'edilverbm', '0000-00-00'),
(5670, 5, 'SAN ROQUE', 'edilverbm', '0000-00-00'),
(5674, 5, 'SAN VICENTE', 'edilverbm', '0000-00-00'),
(5679, 5, 'SANTA BARBARA', 'edilverbm', '0000-00-00'),
(5686, 5, 'SANTA ROSA DE OSOS', 'edilverbm', '0000-00-00'),
(5690, 5, 'SANTO DOMINGO', 'edilverbm', '0000-00-00'),
(5697, 5, 'SANTUARIO', 'edilverbm', '0000-00-00'),
(5736, 5, 'SEGOVIA', 'edilverbm', '0000-00-00'),
(5756, 5, 'SONSON', 'edilverbm', '0000-00-00'),
(5761, 5, 'SOPETRAN', 'edilverbm', '0000-00-00'),
(5789, 5, 'TAMESIS', 'edilverbm', '0000-00-00'),
(5790, 5, 'TARAZA', 'edilverbm', '0000-00-00'),
(5792, 5, 'TARSO', 'edilverbm', '0000-00-00'),
(5809, 5, 'TITIRIBI', 'edilverbm', '0000-00-00'),
(5819, 5, 'TOLEDO', 'edilverbm', '0000-00-00'),
(5837, 5, 'TURBO', 'edilverbm', '0000-00-00'),
(5842, 5, 'URAMITA', 'edilverbm', '0000-00-00'),
(5847, 5, 'URRAO', 'edilverbm', '0000-00-00'),
(5854, 5, 'VALDIVIA', 'edilverbm', '0000-00-00'),
(5856, 5, 'VALPARAISO', 'edilverbm', '0000-00-00'),
(5858, 5, 'VEGACHI', 'edilverbm', '0000-00-00'),
(5861, 5, 'VENECIA', 'edilverbm', '0000-00-00'),
(5873, 5, 'VIGIA DEL FUERTE', 'edilverbm', '0000-00-00'),
(5885, 5, 'YALI', 'edilverbm', '0000-00-00'),
(5887, 5, 'YARUMAL', 'edilverbm', '0000-00-00'),
(5890, 5, 'YOLOMBO', 'edilverbm', '0000-00-00'),
(5893, 5, 'YONDO (CASABE)', 'edilverbm', '0000-00-00'),
(5895, 5, 'ZARAGOZA', 'edilverbm', '0000-00-00'),
(8001, 8, 'BARRANQUILLA', 'edilverbm', '0000-00-00'),
(8078, 8, 'BARANOA', 'edilverbm', '0000-00-00'),
(8137, 8, 'CAMPO DE LA CRUZ', 'edilverbm', '0000-00-00'),
(8141, 8, 'CANDELARIA', 'edilverbm', '0000-00-00'),
(8296, 8, 'GALAPA', 'edilverbm', '0000-00-00'),
(8372, 8, 'JUAN DE ACOSTA', 'edilverbm', '0000-00-00'),
(8421, 8, 'LURUACO', 'edilverbm', '0000-00-00'),
(8433, 8, 'MALAMBO', 'edilverbm', '0000-00-00'),
(8436, 8, 'MANATI', 'edilverbm', '0000-00-00'),
(8520, 8, 'PALMAR DE VARELA', 'edilverbm', '0000-00-00'),
(8549, 8, 'PIOJO', 'edilverbm', '0000-00-00'),
(8558, 8, 'POLONUEVO', 'edilverbm', '0000-00-00'),
(8560, 8, 'PONEDERA', 'edilverbm', '0000-00-00'),
(8573, 8, 'PUERTO COLOMBIA', 'edilverbm', '0000-00-00'),
(8606, 8, 'REPELON', 'edilverbm', '0000-00-00'),
(8634, 8, 'SABANAGRANDE', 'edilverbm', '0000-00-00'),
(8638, 8, 'SABANALARGA', 'edilverbm', '0000-00-00'),
(8675, 8, 'SANTA LUCIA', 'edilverbm', '0000-00-00'),
(8685, 8, 'SANTO TOMAS', 'edilverbm', '0000-00-00'),
(8758, 8, 'SOLEDAD', 'edilverbm', '0000-00-00'),
(8770, 8, 'SUAN', 'edilverbm', '0000-00-00'),
(8832, 8, 'TUBARA', 'edilverbm', '0000-00-00'),
(8849, 8, 'USIACURI', 'edilverbm', '0000-00-00'),
(9000, 0, 'Sin Municipio', 'edilverbm', '0000-00-00'),
(11001, 11, 'BOGOTA D.C.', 'edilverbm', '0000-00-00'),
(13001, 13, 'CARTAGENA', 'edilverbm', '0000-00-00'),
(13006, 13, 'ACHI', 'edilverbm', '0000-00-00'),
(13030, 13, 'ALTOS DEL ROSARIO', 'edilverbm', '0000-00-00'),
(13042, 13, 'ARENAL', 'edilverbm', '0000-00-00'),
(13052, 13, 'ARJONA', 'edilverbm', '0000-00-00'),
(13062, 13, 'ARROYOHONDO', 'edilverbm', '0000-00-00'),
(13074, 13, 'BARRANCO DE LOBA', 'edilverbm', '0000-00-00'),
(13140, 13, 'CALAMAR', 'edilverbm', '0000-00-00'),
(13160, 13, 'CANTAGALLO', 'edilverbm', '0000-00-00'),
(13188, 13, 'CICUCO', 'edilverbm', '0000-00-00'),
(13212, 13, 'CORDOBA', 'edilverbm', '0000-00-00'),
(13222, 13, 'CLEMENCIA', 'edilverbm', '0000-00-00'),
(13244, 13, 'EL CARMEN DE BOLIVAR', 'edilverbm', '0000-00-00'),
(13248, 13, 'EL GUAMO', 'edilverbm', '0000-00-00'),
(13268, 13, 'EL PEÑON', 'edilverbm', '0000-00-00'),
(13300, 13, 'HATILLO DE LOBA', 'edilverbm', '0000-00-00'),
(13430, 13, 'MAGANGUE', 'edilverbm', '0000-00-00'),
(13433, 13, 'MAHATES', 'edilverbm', '0000-00-00'),
(13440, 13, 'MARGARITA', 'edilverbm', '0000-00-00'),
(13442, 13, 'MARIA LA BAJA', 'edilverbm', '0000-00-00'),
(13458, 13, 'MONTECRISTO', 'edilverbm', '0000-00-00'),
(13468, 13, 'MOMPOS', 'edilverbm', '0000-00-00'),
(13473, 13, 'MORALES', 'edilverbm', '0000-00-00'),
(13549, 13, 'PINILLOS', 'edilverbm', '0000-00-00'),
(13580, 13, 'REGIDOR', 'edilverbm', '0000-00-00'),
(13600, 13, 'RIO VIEJO', 'edilverbm', '0000-00-00'),
(13620, 13, 'SAN CRISTOBAL', 'edilverbm', '0000-00-00'),
(13647, 13, 'SAN ESTANISLAO', 'edilverbm', '0000-00-00'),
(13650, 13, 'SAN FERNANDO', 'edilverbm', '0000-00-00'),
(13654, 13, 'SAN JACINTO', 'edilverbm', '0000-00-00'),
(13655, 13, 'SAN JACINTO DEL CAUCA', 'edilverbm', '0000-00-00'),
(13657, 13, 'SAN JUAN NEPOMUCENO', 'edilverbm', '0000-00-00'),
(13667, 13, 'SAN MARTIN DE LOBA', 'edilverbm', '0000-00-00'),
(13670, 13, 'SAN PABLO', 'edilverbm', '0000-00-00'),
(13673, 13, 'SANTA CATALINA', 'edilverbm', '0000-00-00'),
(13683, 13, 'SANTA ROSA', 'edilverbm', '0000-00-00'),
(13688, 13, 'SANTA ROSA DEL SUR', 'edilverbm', '0000-00-00'),
(13744, 13, 'SIMITI', 'edilverbm', '0000-00-00'),
(13760, 13, 'SOPLAVIENTO', 'edilverbm', '0000-00-00'),
(13780, 13, 'TALAIGUA NUEVO', 'edilverbm', '0000-00-00'),
(13810, 13, 'TIQUISIO (PUERTO RICO)', 'edilverbm', '0000-00-00'),
(13836, 13, 'TURBACO', 'edilverbm', '0000-00-00'),
(13838, 13, 'TURBANA', 'edilverbm', '0000-00-00'),
(13873, 13, 'VILLANUEVA', 'edilverbm', '0000-00-00'),
(13894, 13, 'ZAMBRANO', 'edilverbm', '0000-00-00'),
(15001, 15, 'TUNJA', 'edilverbm', '0000-00-00'),
(15022, 15, 'ALMEIDA', 'edilverbm', '0000-00-00'),
(15047, 15, 'AQUITANIA', 'edilverbm', '0000-00-00'),
(15051, 15, 'ARCABUCO', 'edilverbm', '0000-00-00'),
(15087, 15, 'BELEN', 'edilverbm', '0000-00-00'),
(15090, 15, 'BERBEO', 'edilverbm', '0000-00-00'),
(15092, 15, 'BETEITIVA', 'edilverbm', '0000-00-00'),
(15097, 15, 'BOAVITA', 'edilverbm', '0000-00-00'),
(15104, 15, 'BOYACA', 'edilverbm', '0000-00-00'),
(15106, 15, 'BRICEÑO', 'edilverbm', '0000-00-00'),
(15109, 15, 'BUENAVISTA', 'edilverbm', '0000-00-00'),
(15114, 15, 'BUSBANZA', 'edilverbm', '0000-00-00'),
(15131, 15, 'CALDAS', 'edilverbm', '0000-00-00'),
(15135, 15, 'CAMPOHERMOSO', 'edilverbm', '0000-00-00'),
(15162, 15, 'CERINZA', 'edilverbm', '0000-00-00'),
(15172, 15, 'CHINAVITA', 'edilverbm', '0000-00-00'),
(15176, 15, 'CHIQUINQUIRA', 'edilverbm', '0000-00-00'),
(15180, 15, 'CHISCAS', 'edilverbm', '0000-00-00'),
(15183, 15, 'CHITA', 'edilverbm', '0000-00-00'),
(15185, 15, 'CHITARAQUE', 'edilverbm', '0000-00-00'),
(15187, 15, 'CHIVATA', 'edilverbm', '0000-00-00'),
(15189, 15, 'CIENEGA', 'edilverbm', '0000-00-00'),
(15204, 15, 'COMBITA', 'edilverbm', '0000-00-00'),
(15212, 15, 'COPER', 'edilverbm', '0000-00-00'),
(15215, 15, 'CORRALES', 'edilverbm', '0000-00-00'),
(15218, 15, 'COVARACHIA', 'edilverbm', '0000-00-00'),
(15223, 15, 'CUBARA', 'edilverbm', '0000-00-00'),
(15224, 15, 'CUCAITA', 'edilverbm', '0000-00-00'),
(15226, 15, 'CUITIVA', 'edilverbm', '0000-00-00'),
(15232, 15, 'CHIQUIZA', 'edilverbm', '0000-00-00'),
(15236, 15, 'CHIVOR', 'edilverbm', '0000-00-00'),
(15238, 15, 'DUITAMA', 'edilverbm', '0000-00-00'),
(15244, 15, 'EL COCUY', 'edilverbm', '0000-00-00'),
(15248, 15, 'EL ESPINO', 'edilverbm', '0000-00-00'),
(15272, 15, 'FIRAVITOBA', 'edilverbm', '0000-00-00'),
(15276, 15, 'FLORESTA', 'edilverbm', '0000-00-00'),
(15293, 15, 'GACHANTIVA', 'edilverbm', '0000-00-00'),
(15296, 15, 'GAMEZA', 'edilverbm', '0000-00-00'),
(15299, 15, 'GARAGOA', 'edilverbm', '0000-00-00'),
(15317, 15, 'GUACAMAYAS', 'edilverbm', '0000-00-00'),
(15322, 15, 'GUATEQUE', 'edilverbm', '0000-00-00'),
(15325, 15, 'GUAYATA', 'edilverbm', '0000-00-00'),
(15332, 15, 'GUICAN', 'edilverbm', '0000-00-00'),
(15362, 15, 'IZA', 'edilverbm', '0000-00-00'),
(15367, 15, 'JENESANO', 'edilverbm', '0000-00-00'),
(15368, 15, 'JERICO', 'edilverbm', '0000-00-00'),
(15377, 15, 'LABRANZAGRANDE', 'edilverbm', '0000-00-00'),
(15380, 15, 'LA CAPILLA', 'edilverbm', '0000-00-00'),
(15401, 15, 'LA VICTORIA', 'edilverbm', '0000-00-00'),
(15403, 15, 'LA UVITA', 'edilverbm', '0000-00-00'),
(15407, 15, 'VILLA DE LEYVA', 'edilverbm', '0000-00-00'),
(15425, 15, 'MACANAL', 'edilverbm', '0000-00-00'),
(15442, 15, 'MARIPI', 'edilverbm', '0000-00-00'),
(15455, 15, 'MIRAFLORES', 'edilverbm', '0000-00-00'),
(15464, 15, 'MONGUA', 'edilverbm', '0000-00-00'),
(15466, 15, 'MONGUI', 'edilverbm', '0000-00-00'),
(15469, 15, 'MONIQUIRA', 'edilverbm', '0000-00-00'),
(15476, 15, 'MOTAVITA', 'edilverbm', '0000-00-00'),
(15480, 15, 'MUZO', 'edilverbm', '0000-00-00'),
(15491, 15, 'NOBSA', 'edilverbm', '0000-00-00'),
(15494, 15, 'NUEVO COLON', 'edilverbm', '0000-00-00'),
(15500, 15, 'OICATA', 'edilverbm', '0000-00-00'),
(15507, 15, 'OTANCHE', 'edilverbm', '0000-00-00'),
(15511, 15, 'PACHAVITA', 'edilverbm', '0000-00-00'),
(15514, 15, 'PAEZ', 'edilverbm', '0000-00-00'),
(15516, 15, 'PAIPA', 'edilverbm', '0000-00-00'),
(15518, 15, 'PAJARITO', 'edilverbm', '0000-00-00'),
(15522, 15, 'PANQUEBA', 'edilverbm', '0000-00-00'),
(15531, 15, 'PAUNA', 'edilverbm', '0000-00-00'),
(15533, 15, 'PAYA', 'edilverbm', '0000-00-00'),
(15537, 15, 'PAZ DE RIO', 'edilverbm', '0000-00-00'),
(15542, 15, 'PESCA', 'edilverbm', '0000-00-00'),
(15550, 15, 'PISVA', 'edilverbm', '0000-00-00'),
(15572, 15, 'PUERTO BOYACA', 'edilverbm', '0000-00-00'),
(15580, 15, 'QUIPAMA', 'edilverbm', '0000-00-00'),
(15599, 15, 'RAMIRIQUI', 'edilverbm', '0000-00-00'),
(15600, 15, 'RAQUIRA', 'edilverbm', '0000-00-00'),
(15621, 15, 'RONDON', 'edilverbm', '0000-00-00'),
(15632, 15, 'SABOYA', 'edilverbm', '0000-00-00'),
(15638, 15, 'SACHICA', 'edilverbm', '0000-00-00'),
(15646, 15, 'SAMACA', 'edilverbm', '0000-00-00'),
(15660, 15, 'SAN EDUARDO', 'edilverbm', '0000-00-00'),
(15664, 15, 'SAN JOSE DE PARE', 'edilverbm', '0000-00-00'),
(15667, 15, 'SAN LUIS DE GACENO', 'edilverbm', '0000-00-00'),
(15673, 15, 'SAN MATEO', 'edilverbm', '0000-00-00'),
(15676, 15, 'SAN MIGUEL DE SEMA', 'edilverbm', '0000-00-00'),
(15681, 15, 'SAN PABLO DE BORBUR', 'edilverbm', '0000-00-00'),
(15686, 15, 'SANTANA', 'edilverbm', '0000-00-00'),
(15690, 15, 'SANTA MARIA', 'edilverbm', '0000-00-00'),
(15693, 15, 'SANTA ROSA DE VITERBO', 'edilverbm', '0000-00-00'),
(15696, 15, 'SANTA SOFIA', 'edilverbm', '0000-00-00'),
(15720, 15, 'SATIVANORTE', 'edilverbm', '0000-00-00'),
(15723, 15, 'SATIVASUR', 'edilverbm', '0000-00-00'),
(15740, 15, 'SIACHOQUE', 'edilverbm', '0000-00-00'),
(15753, 15, 'SOATA', 'edilverbm', '0000-00-00'),
(15755, 15, 'SOCOTA', 'edilverbm', '0000-00-00'),
(15757, 15, 'SOCHA', 'edilverbm', '0000-00-00'),
(15759, 15, 'SOGAMOSO', 'edilverbm', '0000-00-00'),
(15761, 15, 'SOMONDOCO', 'edilverbm', '0000-00-00'),
(15762, 15, 'SORA', 'edilverbm', '0000-00-00'),
(15763, 15, 'SOTAQUIRA', 'edilverbm', '0000-00-00'),
(15764, 15, 'SORACA', 'edilverbm', '0000-00-00'),
(15774, 15, 'SUSACON', 'edilverbm', '0000-00-00'),
(15776, 15, 'SUTAMARCHAN', 'edilverbm', '0000-00-00'),
(15778, 15, 'SUTATENZA', 'edilverbm', '0000-00-00'),
(15790, 15, 'TASCO', 'edilverbm', '0000-00-00'),
(15798, 15, 'TENZA', 'edilverbm', '0000-00-00'),
(15804, 15, 'TIBANA', 'edilverbm', '0000-00-00'),
(15806, 15, 'TIBASOSA', 'edilverbm', '0000-00-00'),
(15808, 15, 'TINJACA', 'edilverbm', '0000-00-00'),
(15810, 15, 'TIPACOQUE', 'edilverbm', '0000-00-00'),
(15814, 15, 'TOCA', 'edilverbm', '0000-00-00'),
(15816, 15, 'TOGUI', 'edilverbm', '0000-00-00'),
(15820, 15, 'TOPAGA', 'edilverbm', '0000-00-00'),
(15822, 15, 'TOTA', 'edilverbm', '0000-00-00'),
(15832, 15, 'TUNUNGUA', 'edilverbm', '0000-00-00'),
(15835, 15, 'TURMEQUE', 'edilverbm', '0000-00-00'),
(15837, 15, 'TUTA', 'edilverbm', '0000-00-00'),
(15839, 15, 'TUTASA', 'edilverbm', '0000-00-00'),
(15842, 15, 'UMBITA', 'edilverbm', '0000-00-00'),
(15861, 15, 'VENTAQUEMADA', 'edilverbm', '0000-00-00'),
(15879, 15, 'VIRACACHA', 'edilverbm', '0000-00-00'),
(15897, 15, 'ZETAQUIRA', 'edilverbm', '0000-00-00'),
(17001, 17, 'MANIZALES', 'edilverbm', '0000-00-00'),
(17013, 17, 'AGUADAS', 'edilverbm', '0000-00-00'),
(17042, 17, 'ANSERMA', 'edilverbm', '0000-00-00'),
(17050, 17, 'ARANZAZU', 'edilverbm', '0000-00-00'),
(17088, 17, 'BELALCAZAR', 'edilverbm', '0000-00-00'),
(17174, 17, 'CHINCHINA', 'edilverbm', '0000-00-00'),
(17272, 17, 'FILADELFIA', 'edilverbm', '0000-00-00'),
(17380, 17, 'LA DORADA', 'edilverbm', '0000-00-00'),
(17388, 17, 'LA MERCED', 'edilverbm', '0000-00-00'),
(17433, 17, 'MANZANARES', 'edilverbm', '0000-00-00'),
(17442, 17, 'MARMATO', 'edilverbm', '0000-00-00'),
(17444, 17, 'MARQUETALIA', 'edilverbm', '0000-00-00'),
(17446, 17, 'MARULANDA', 'edilverbm', '0000-00-00'),
(17486, 17, 'NEIRA', 'edilverbm', '0000-00-00'),
(17495, 17, 'NORCASIA', 'edilverbm', '0000-00-00'),
(17513, 17, 'PACORA', 'edilverbm', '0000-00-00'),
(17524, 17, 'PALESTINA', 'edilverbm', '0000-00-00'),
(17541, 17, 'PENSILVANIA', 'edilverbm', '0000-00-00'),
(17614, 17, 'RIOSUCIO', 'edilverbm', '0000-00-00'),
(17616, 17, 'RISARALDA', 'edilverbm', '0000-00-00'),
(17653, 17, 'SALAMINA', 'edilverbm', '0000-00-00'),
(17662, 17, 'SAMANA', 'edilverbm', '0000-00-00'),
(17665, 17, 'SAN JOSE', 'edilverbm', '0000-00-00'),
(17777, 17, 'SUPIA', 'edilverbm', '0000-00-00'),
(17867, 17, 'VICTORIA', 'edilverbm', '0000-00-00'),
(17873, 17, 'VILLAMARIA', 'edilverbm', '0000-00-00'),
(17877, 17, 'VITERBO', 'edilverbm', '0000-00-00'),
(18001, 18, 'FLORENCIA', 'edilverbm', '0000-00-00'),
(18029, 18, 'ALBANIA', 'edilverbm', '0000-00-00'),
(18094, 18, 'BELEN DE LOS ANDAQUIES', 'edilverbm', '0000-00-00'),
(18150, 18, 'CARTAGENA DEL CHAIRA', 'edilverbm', '0000-00-00'),
(18205, 18, 'CURILLO', 'edilverbm', '0000-00-00'),
(18247, 18, 'EL DONCELLO', 'edilverbm', '0000-00-00'),
(18256, 18, 'EL PAUJIL', 'edilverbm', '0000-00-00'),
(18410, 18, 'LA MONTAÑITA', 'edilverbm', '0000-00-00'),
(18460, 18, 'MILAN', 'edilverbm', '0000-00-00'),
(18479, 18, 'MORELIA', 'edilverbm', '0000-00-00'),
(18592, 18, 'PUERTO RICO', 'edilverbm', '0000-00-00'),
(18610, 18, 'SAN JOSE DEL FRAGUA', 'edilverbm', '0000-00-00'),
(18753, 18, 'SAN VICENTE DEL CAGUAN', 'edilverbm', '0000-00-00'),
(18756, 18, 'SOLANO', 'edilverbm', '0000-00-00'),
(18785, 18, 'SOLITA', 'edilverbm', '0000-00-00'),
(18860, 18, 'VALPARAISO', 'edilverbm', '0000-00-00'),
(19001, 19, 'POPAYAN', 'edilverbm', '0000-00-00'),
(19022, 19, 'ALMAGUER', 'edilverbm', '0000-00-00'),
(19050, 19, 'ARGELIA', 'edilverbm', '0000-00-00'),
(19075, 19, 'BALBOA', 'edilverbm', '0000-00-00'),
(19100, 19, 'BOLIVAR', 'edilverbm', '0000-00-00'),
(19110, 19, 'BUENOS AIRES', 'edilverbm', '0000-00-00'),
(19130, 19, 'CAJIBIO', 'edilverbm', '0000-00-00'),
(19137, 19, 'CALDONO', 'edilverbm', '0000-00-00'),
(19142, 19, 'CALOTO', 'edilverbm', '0000-00-00'),
(19212, 19, 'CORINTO', 'edilverbm', '0000-00-00'),
(19256, 19, 'EL TAMBO', 'edilverbm', '0000-00-00'),
(19290, 19, 'FLORENCIA', 'edilverbm', '0000-00-00'),
(19318, 19, 'GUAPI', 'edilverbm', '0000-00-00'),
(19355, 19, 'INZA', 'edilverbm', '0000-00-00'),
(19364, 19, 'JAMBALO', 'edilverbm', '0000-00-00'),
(19392, 19, 'LA SIERRA', 'edilverbm', '0000-00-00'),
(19397, 19, 'LA VEGA', 'edilverbm', '0000-00-00'),
(19418, 19, 'LOPEZ (MICAY)', 'edilverbm', '0000-00-00'),
(19450, 19, 'MERCADERES', 'edilverbm', '0000-00-00'),
(19455, 19, 'MIRANDA', 'edilverbm', '0000-00-00'),
(19473, 19, 'MORALES', 'edilverbm', '0000-00-00'),
(19513, 19, 'PADILLA', 'edilverbm', '0000-00-00'),
(19517, 19, 'PAEZ (BELALCAZAR)', 'edilverbm', '0000-00-00'),
(19532, 19, 'PATIA(EL BORDO)', 'edilverbm', '0000-00-00'),
(19533, 19, 'PIAMONTE', 'edilverbm', '0000-00-00'),
(19548, 19, 'PIENDAMO', 'edilverbm', '0000-00-00'),
(19573, 19, 'PUERTO TEJADA', 'edilverbm', '0000-00-00'),
(19585, 19, 'PURACE (COCONUCO)', 'edilverbm', '0000-00-00'),
(19622, 19, 'ROSAS', 'edilverbm', '0000-00-00'),
(19693, 19, 'SAN SEBASTIAN', 'edilverbm', '0000-00-00'),
(19698, 19, 'SANTANDER DE QUILICHAO', 'edilverbm', '0000-00-00'),
(19701, 19, 'SANTA ROSA', 'edilverbm', '0000-00-00'),
(19743, 19, 'SILVIA', 'edilverbm', '0000-00-00'),
(19760, 19, 'SOTARA (PAISPAMBA)', 'edilverbm', '0000-00-00'),
(19780, 19, 'SUAREZ', 'edilverbm', '0000-00-00'),
(19785, 19, 'SUCRE', 'edilverbm', '0000-00-00'),
(19807, 19, 'TIMBIO', 'edilverbm', '0000-00-00'),
(19809, 19, 'TIMBIQUI', 'edilverbm', '0000-00-00'),
(19821, 19, 'TORIBIO', 'edilverbm', '0000-00-00'),
(19824, 19, 'TOTORO', 'edilverbm', '0000-00-00'),
(19845, 19, 'VILLA RICA', 'edilverbm', '0000-00-00'),
(20001, 20, 'VALLEDUPAR', 'edilverbm', '0000-00-00'),
(20011, 20, 'AGUACHICA', 'edilverbm', '0000-00-00'),
(20013, 20, 'AGUSTIN CODAZZI', 'edilverbm', '0000-00-00'),
(20032, 20, 'ASTREA', 'edilverbm', '0000-00-00'),
(20045, 20, 'BECERRIL', 'edilverbm', '0000-00-00'),
(20060, 20, 'BOSCONIA', 'edilverbm', '0000-00-00'),
(20175, 20, 'CHIMICHAGUA', 'edilverbm', '0000-00-00'),
(20178, 20, 'CHIRIGUANA', 'edilverbm', '0000-00-00'),
(20228, 20, 'CURUMANI', 'edilverbm', '0000-00-00'),
(20238, 20, 'EL COPEY', 'edilverbm', '0000-00-00'),
(20250, 20, 'EL PASO', 'edilverbm', '0000-00-00'),
(20295, 20, 'GAMARRA', 'edilverbm', '0000-00-00'),
(20310, 20, 'GONZALEZ', 'edilverbm', '0000-00-00'),
(20383, 20, 'LA GLORIA', 'edilverbm', '0000-00-00'),
(20400, 20, 'LA JAGUA DE IBIRICO', 'edilverbm', '0000-00-00'),
(20443, 20, 'MANAURE BALCON DEL CESAR', 'edilverbm', '0000-00-00'),
(20517, 20, 'PAILITAS', 'edilverbm', '0000-00-00'),
(20550, 20, 'PELAYA', 'edilverbm', '0000-00-00'),
(20570, 20, 'PUEBLO BELLO', 'edilverbm', '0000-00-00'),
(20614, 20, 'RIO DE ORO', 'edilverbm', '0000-00-00'),
(20621, 20, 'LA PAZ (ROBLES)', 'edilverbm', '0000-00-00'),
(20710, 20, 'SAN ALBERTO', 'edilverbm', '0000-00-00'),
(20750, 20, 'SAN DIEGO', 'edilverbm', '0000-00-00'),
(20770, 20, 'SAN MARTIN', 'edilverbm', '0000-00-00'),
(20787, 20, 'TAMALAMEQUE', 'edilverbm', '0000-00-00'),
(20788, 20, 'CODAZZI', 'edilverbm', '0000-00-00'),
(23001, 23, 'MONTERIA', 'edilverbm', '0000-00-00'),
(23068, 23, 'AYAPEL', 'edilverbm', '0000-00-00'),
(23079, 23, 'BUENAVISTA', 'edilverbm', '0000-00-00'),
(23090, 23, 'CANALETE', 'edilverbm', '0000-00-00'),
(23162, 23, 'CERETE', 'edilverbm', '0000-00-00'),
(23168, 23, 'CHIMA', 'edilverbm', '0000-00-00'),
(23182, 23, 'CHINU', 'edilverbm', '0000-00-00'),
(23189, 23, 'CIENAGA DE ORO', 'edilverbm', '0000-00-00'),
(23300, 23, 'COTORRA', 'edilverbm', '0000-00-00'),
(23350, 23, 'LA APARTADA (LA FRONTERA)', 'edilverbm', '0000-00-00'),
(23417, 23, 'LORICA', 'edilverbm', '0000-00-00'),
(23419, 23, 'LOS CORDOBAS', 'edilverbm', '0000-00-00'),
(23464, 23, 'MOMIL', 'edilverbm', '0000-00-00'),
(23466, 23, 'MONTELIBANO', 'edilverbm', '0000-00-00'),
(23500, 23, 'MOÑITOS', 'edilverbm', '0000-00-00'),
(23555, 23, 'PLANETA RICA', 'edilverbm', '0000-00-00'),
(23570, 23, 'PUEBLO NUEVO', 'edilverbm', '0000-00-00'),
(23574, 23, 'PUERTO ESCONDIDO', 'edilverbm', '0000-00-00'),
(23580, 23, 'PUERTO LIBERTADOR', 'edilverbm', '0000-00-00'),
(23586, 23, 'PURISIMA', 'edilverbm', '0000-00-00'),
(23660, 23, 'SAHAGUN', 'edilverbm', '0000-00-00'),
(23670, 23, 'SAN ANDRES SOTAVENTO', 'edilverbm', '0000-00-00'),
(23672, 23, 'SAN ANTERO', 'edilverbm', '0000-00-00'),
(23675, 23, 'SAN BERNARDO DEL VIENTO', 'edilverbm', '0000-00-00'),
(23678, 23, 'SAN CARLOS', 'edilverbm', '0000-00-00'),
(23686, 23, 'SAN PELAYO', 'edilverbm', '0000-00-00'),
(23807, 23, 'TIERRALTA', 'edilverbm', '0000-00-00'),
(23855, 23, 'VALENCIA', 'edilverbm', '0000-00-00'),
(25001, 25, 'AGUA DE DIOS', 'edilverbm', '0000-00-00'),
(25019, 25, 'ALBAN', 'edilverbm', '0000-00-00'),
(25035, 25, 'ANAPOIMA', 'edilverbm', '0000-00-00'),
(25040, 25, 'ANOLAIMA', 'edilverbm', '0000-00-00'),
(25053, 25, 'ARBELAEZ', 'edilverbm', '0000-00-00'),
(25086, 25, 'BELTRAN', 'edilverbm', '0000-00-00'),
(25095, 25, 'BITUIMA', 'edilverbm', '0000-00-00'),
(25099, 25, 'BOJACA nuevo', 'edilverbm', '0000-00-00'),
(25120, 25, 'CABRERA', 'edilverbm', '0000-00-00'),
(25123, 25, 'CACHIPAY', 'edilverbm', '0000-00-00'),
(25126, 25, 'CAJICA', 'edilverbm', '0000-00-00'),
(25148, 25, 'CAPARRAPI', 'edilverbm', '0000-00-00'),
(25151, 25, 'CAQUEZA', 'edilverbm', '0000-00-00'),
(25154, 25, 'CARMEN DE CARUPA', 'edilverbm', '0000-00-00'),
(25168, 25, 'CHAGUANI', 'edilverbm', '0000-00-00'),
(25175, 25, 'CHIA', 'edilverbm', '0000-00-00'),
(25178, 25, 'CHIPAQUE', 'edilverbm', '0000-00-00'),
(25181, 25, 'CHOACHI', 'edilverbm', '0000-00-00'),
(25183, 25, 'CHOCONTA', 'edilverbm', '0000-00-00'),
(25200, 25, 'COGUA', 'edilverbm', '0000-00-00'),
(25214, 25, 'COTA', 'edilverbm', '0000-00-00'),
(25224, 25, 'CUCUNUBA', 'edilverbm', '0000-00-00'),
(25245, 25, 'EL COLEGIO', 'edilverbm', '0000-00-00'),
(25258, 25, 'EL PEÑON', 'edilverbm', '0000-00-00'),
(25260, 25, 'EL ROSAL', 'edilverbm', '0000-00-00'),
(25269, 25, 'FACATATIVA', 'edilverbm', '0000-00-00'),
(25279, 25, 'FOMEQUE', 'edilverbm', '0000-00-00'),
(25281, 25, 'FOSCA', 'edilverbm', '0000-00-00'),
(25286, 25, 'FUNZA', 'edilverbm', '0000-00-00'),
(25288, 25, 'FUQUENE', 'edilverbm', '0000-00-00'),
(25290, 25, 'FUSAGASUGA', 'edilverbm', '0000-00-00'),
(25293, 25, 'GACHALA', 'edilverbm', '0000-00-00'),
(25295, 25, 'GACHANCIPA', 'edilverbm', '0000-00-00'),
(25297, 25, 'GACHETA', 'edilverbm', '0000-00-00'),
(25299, 25, 'GAMA', 'edilverbm', '0000-00-00'),
(25307, 25, 'GIRARDOT', 'edilverbm', '0000-00-00'),
(25312, 25, 'GRANADA', 'edilverbm', '0000-00-00'),
(25317, 25, 'GUACHETA', 'edilverbm', '0000-00-00'),
(25320, 25, 'GUADUAS', 'edilverbm', '0000-00-00'),
(25322, 25, 'GUASCA', 'edilverbm', '0000-00-00'),
(25324, 25, 'GUATAQUI', 'edilverbm', '0000-00-00'),
(25326, 25, 'GUATAVITA', 'edilverbm', '0000-00-00'),
(25328, 25, 'GUAYABAL DE SIQUIMA', 'edilverbm', '0000-00-00'),
(25335, 25, 'GUAYABETAL', 'edilverbm', '0000-00-00'),
(25339, 25, 'GUTIERREZ', 'edilverbm', '0000-00-00'),
(25368, 25, 'JERUSALEN', 'edilverbm', '0000-00-00'),
(25372, 25, 'JUNIN', 'edilverbm', '0000-00-00'),
(25377, 25, 'LA CALERA', 'edilverbm', '0000-00-00'),
(25386, 25, 'LA MESA', 'edilverbm', '0000-00-00'),
(25394, 25, 'LA PALMA', 'edilverbm', '0000-00-00'),
(25398, 25, 'LA PEÑA', 'edilverbm', '0000-00-00'),
(25402, 25, 'LA VEGA', 'edilverbm', '0000-00-00'),
(25407, 25, 'LENGUAZAQUE', 'edilverbm', '0000-00-00'),
(25426, 25, 'MACHETA', 'edilverbm', '0000-00-00'),
(25430, 25, 'MADRID', 'edilverbm', '0000-00-00'),
(25436, 25, 'MANTA', 'edilverbm', '0000-00-00'),
(25438, 25, 'MEDINA', 'edilverbm', '0000-00-00'),
(25473, 25, 'MOSQUERA', 'edilverbm', '0000-00-00'),
(25483, 25, 'NARIÑO', 'edilverbm', '0000-00-00'),
(25486, 25, 'NEMOCON', 'edilverbm', '0000-00-00'),
(25488, 25, 'NILO', 'edilverbm', '0000-00-00'),
(25489, 25, 'NIMAIMA', 'edilverbm', '0000-00-00'),
(25491, 25, 'NOCAIMA', 'edilverbm', '0000-00-00'),
(25506, 25, 'VENECIA (OSPINA PEREZ)', 'edilverbm', '0000-00-00'),
(25513, 25, 'PACHO', 'edilverbm', '0000-00-00'),
(25518, 25, 'PAIME', 'edilverbm', '0000-00-00'),
(25524, 25, 'PANDI', 'edilverbm', '0000-00-00'),
(25530, 25, 'PARATEBUENO', 'edilverbm', '0000-00-00'),
(25535, 25, 'PASCA', 'edilverbm', '0000-00-00'),
(25572, 25, 'PUERTO SALGAR', 'edilverbm', '0000-00-00'),
(25580, 25, 'PULI', 'edilverbm', '0000-00-00'),
(25592, 25, 'QUEBRADANEGRA', 'edilverbm', '0000-00-00'),
(25594, 25, 'QUETAME', 'edilverbm', '0000-00-00'),
(25596, 25, 'QUIPILE', 'edilverbm', '0000-00-00'),
(25599, 25, 'RAFAEL REYES (APULO)', 'edilverbm', '0000-00-00'),
(25612, 25, 'RICAURTE', 'edilverbm', '0000-00-00'),
(25645, 25, 'SAN ANTONIO DE TEQUENDAMA', 'edilverbm', '0000-00-00'),
(25649, 25, 'SAN BERNARDO', 'edilverbm', '0000-00-00'),
(25653, 25, 'SAN CAYETANO', 'edilverbm', '0000-00-00'),
(25658, 25, 'SAN FRANCISCO', 'edilverbm', '0000-00-00'),
(25662, 25, 'SAN JUAN DE RIO SECO', 'edilverbm', '0000-00-00'),
(25718, 25, 'SASAIMA', 'edilverbm', '0000-00-00'),
(25736, 25, 'SESQUILE', 'edilverbm', '0000-00-00'),
(25740, 25, 'SIBATE', 'edilverbm', '0000-00-00'),
(25743, 25, 'SILVANIA', 'edilverbm', '0000-00-00'),
(25745, 25, 'SIMIJACA', 'edilverbm', '0000-00-00'),
(25754, 25, 'SOACHA', 'edilverbm', '0000-00-00'),
(25758, 25, 'SOPO', 'edilverbm', '0000-00-00'),
(25769, 25, 'SUBACHOQUE', 'edilverbm', '0000-00-00'),
(25772, 25, 'SUESCA', 'edilverbm', '0000-00-00'),
(25777, 25, 'SUPATA', 'edilverbm', '0000-00-00'),
(25779, 25, 'SUSA', 'edilverbm', '0000-00-00'),
(25781, 25, 'SUTATAUSA', 'edilverbm', '0000-00-00'),
(25785, 25, 'TABIO', 'edilverbm', '0000-00-00'),
(25793, 25, 'TAUSA', 'edilverbm', '0000-00-00'),
(25797, 25, 'TENA', 'edilverbm', '0000-00-00'),
(25799, 25, 'TENJO', 'edilverbm', '0000-00-00'),
(25805, 25, 'TIBACUY', 'edilverbm', '0000-00-00'),
(25807, 25, 'TIBIRITA', 'edilverbm', '0000-00-00'),
(25815, 25, 'TOCAIMA', 'edilverbm', '0000-00-00'),
(25817, 25, 'TOCANCIPA', 'edilverbm', '0000-00-00'),
(25823, 25, 'TOPAIPI', 'edilverbm', '0000-00-00'),
(25839, 25, 'UBALA', 'edilverbm', '0000-00-00'),
(25841, 25, 'UBAQUE', 'edilverbm', '0000-00-00'),
(25843, 25, 'UBATE', 'edilverbm', '0000-00-00'),
(25845, 25, 'UNE', 'edilverbm', '0000-00-00'),
(25851, 25, 'UTICA', 'edilverbm', '0000-00-00'),
(25862, 25, 'VERGARA', 'edilverbm', '0000-00-00'),
(25867, 25, 'VIANI', 'edilverbm', '0000-00-00'),
(25871, 25, 'VILLAGOMEZ', 'edilverbm', '0000-00-00'),
(25873, 25, 'VILLAPINZON', 'edilverbm', '0000-00-00'),
(25875, 25, 'VILLETA', 'edilverbm', '0000-00-00'),
(25878, 25, 'VIOTA', 'edilverbm', '0000-00-00'),
(25885, 25, 'YACOPI', 'edilverbm', '0000-00-00'),
(25898, 25, 'ZIPACON', 'edilverbm', '0000-00-00'),
(25899, 25, 'ZIPAQUIRA', 'edilverbm', '0000-00-00'),
(27001, 27, 'QUIBDO', 'edilverbm', '0000-00-00'),
(27006, 27, 'ACANDI', 'edilverbm', '0000-00-00'),
(27025, 27, 'ALTO BAUDO (PIE DE PATO)', 'edilverbm', '0000-00-00'),
(27050, 27, 'ATRATO (YUTO)', 'edilverbm', '0000-00-00'),
(27073, 27, 'BAGADO', 'edilverbm', '0000-00-00'),
(27075, 27, 'BAHIA SOLANO (MUTIS)', 'edilverbm', '0000-00-00'),
(27077, 27, 'BAJO BAUDO   (PIZARRO)', 'edilverbm', '0000-00-00'),
(27086, 27, 'BELEN DE BAJIRA', 'edilverbm', '0000-00-00'),
(27099, 27, 'BOJAYA (BELLAVISTA)', 'edilverbm', '0000-00-00'),
(27135, 27, 'CANTON DEL SAN PABLO', 'edilverbm', '0000-00-00'),
(27150, 27, 'CARMEN DEL DARIEN', 'edilverbm', '0000-00-00'),
(27160, 27, 'CERTEGUI', 'edilverbm', '0000-00-00'),
(27205, 27, 'CONDOTO', 'edilverbm', '0000-00-00'),
(27245, 27, 'EL CARMEN', 'edilverbm', '0000-00-00'),
(27250, 27, 'EL LITORAL DEL SAN JUAN', 'edilverbm', '0000-00-00'),
(27361, 27, 'ITSMINA', 'edilverbm', '0000-00-00'),
(27372, 27, 'JURADO', 'edilverbm', '0000-00-00'),
(27413, 27, 'LLORO', 'edilverbm', '0000-00-00'),
(27425, 27, 'MEDIO ATRATO', 'edilverbm', '0000-00-00'),
(27430, 27, 'MEDIO BAUDO', 'edilverbm', '0000-00-00'),
(27450, 27, 'MEDIO SAN JUAN', 'edilverbm', '0000-00-00'),
(27491, 27, 'NOVITA', 'edilverbm', '0000-00-00'),
(27495, 27, 'NUQUI', 'edilverbm', '0000-00-00'),
(27580, 27, 'RIO IRO', 'edilverbm', '0000-00-00'),
(27600, 27, 'RIO QUITO', 'edilverbm', '0000-00-00'),
(27615, 27, 'RIOSUCIO', 'edilverbm', '0000-00-00'),
(27660, 27, 'SAN JOSE DEL PALMAR', 'edilverbm', '0000-00-00'),
(27745, 27, 'SIPI', 'edilverbm', '0000-00-00'),
(27787, 27, 'TADO', 'edilverbm', '0000-00-00'),
(27800, 27, 'UNGUIA', 'edilverbm', '0000-00-00'),
(27810, 27, 'UNION PANAMERICANA', 'edilverbm', '0000-00-00'),
(41001, 41, 'NEIVA', 'edilverbm', '0000-00-00'),
(41006, 41, 'ACEVEDO', 'edilverbm', '0000-00-00'),
(41013, 41, 'AGRADO', 'edilverbm', '0000-00-00'),
(41016, 41, 'AIPE', 'edilverbm', '0000-00-00'),
(41020, 41, 'ALGECIRAS', 'edilverbm', '0000-00-00'),
(41026, 41, 'ALTAMIRA', 'edilverbm', '0000-00-00'),
(41078, 41, 'BARAYA', 'edilverbm', '0000-00-00'),
(41132, 41, 'CAMPOALEGRE', 'edilverbm', '0000-00-00'),
(41206, 41, 'COLOMBIA', 'edilverbm', '0000-00-00'),
(41244, 41, 'ELIAS', 'edilverbm', '0000-00-00'),
(41298, 41, 'GARZON', 'edilverbm', '0000-00-00'),
(41306, 41, 'GIGANTE', 'edilverbm', '0000-00-00'),
(41319, 41, 'GUADALUPE', 'edilverbm', '0000-00-00'),
(41349, 41, 'HOBO', 'edilverbm', '0000-00-00'),
(41357, 41, 'IQUIRA', 'edilverbm', '0000-00-00'),
(41359, 41, 'ISNOS', 'edilverbm', '0000-00-00'),
(41378, 41, 'LA ARGENTINA', 'edilverbm', '0000-00-00'),
(41396, 41, 'LA PLATA', 'edilverbm', '0000-00-00'),
(41483, 41, 'NATAGA', 'edilverbm', '0000-00-00'),
(41503, 41, 'OPORAPA', 'edilverbm', '0000-00-00'),
(41518, 41, 'PAICOL', 'edilverbm', '0000-00-00'),
(41524, 41, 'PALERMO', 'edilverbm', '0000-00-00'),
(41530, 41, 'PALESTINA', 'edilverbm', '0000-00-00'),
(41548, 41, 'PITAL', 'edilverbm', '0000-00-00'),
(41551, 41, 'PITALITO', 'edilverbm', '0000-00-00'),
(41615, 41, 'RIVERA', 'edilverbm', '0000-00-00'),
(41660, 41, 'SALADOBLANCO', 'edilverbm', '0000-00-00'),
(41668, 41, 'SAN AGUSTIN', 'edilverbm', '0000-00-00'),
(41676, 41, 'SANTA MARIA', 'edilverbm', '0000-00-00'),
(41770, 41, 'SUAZA', 'edilverbm', '0000-00-00'),
(41791, 41, 'TARQUI', 'edilverbm', '0000-00-00'),
(41797, 41, 'TESALIA', 'edilverbm', '0000-00-00'),
(41799, 41, 'TELLO', 'edilverbm', '0000-00-00'),
(41801, 41, 'TERUEL', 'edilverbm', '0000-00-00'),
(41807, 41, 'TIMANA', 'edilverbm', '0000-00-00'),
(41872, 41, 'VILLAVIEJA', 'edilverbm', '0000-00-00'),
(41885, 41, 'YAGUARA', 'edilverbm', '0000-00-00'),
(44001, 44, 'RIOHACHA', 'edilverbm', '0000-00-00'),
(44035, 44, 'ALBANIA', 'edilverbm', '0000-00-00'),
(44078, 44, 'BARRANCAS', 'edilverbm', '0000-00-00'),
(44090, 44, 'DIBULLA', 'edilverbm', '0000-00-00'),
(44098, 44, 'DISTRACCION', 'edilverbm', '0000-00-00'),
(44110, 44, 'EL MOLINO', 'edilverbm', '0000-00-00'),
(44279, 44, 'FONSECA', 'edilverbm', '0000-00-00'),
(44378, 44, 'HATONUEVO', 'edilverbm', '0000-00-00'),
(44420, 44, 'LA JAGUA DEL PILAR', 'edilverbm', '0000-00-00'),
(44430, 44, 'MAICAO', 'edilverbm', '0000-00-00'),
(44560, 44, 'MANAURE', 'edilverbm', '0000-00-00'),
(44650, 44, 'SAN JUAN DEL CESAR', 'edilverbm', '0000-00-00'),
(44847, 44, 'URIBIA', 'edilverbm', '0000-00-00'),
(44855, 44, 'URUMITA', 'edilverbm', '0000-00-00'),
(44874, 44, 'VILLANUEVA', 'edilverbm', '0000-00-00'),
(47001, 47, 'SANTA MARTA', 'edilverbm', '0000-00-00'),
(47030, 47, 'ALGARROBO', 'edilverbm', '0000-00-00'),
(47053, 47, 'ARACATACA', 'edilverbm', '0000-00-00'),
(47058, 47, 'ARIGUANI (EL DIFICIL)', 'edilverbm', '0000-00-00'),
(47161, 47, 'CERRO SAN ANTONIO', 'edilverbm', '0000-00-00'),
(47170, 47, 'CHIVOLO', 'edilverbm', '0000-00-00'),
(47189, 47, 'CIENAGA', 'edilverbm', '0000-00-00'),
(47205, 47, 'CONCORDIA', 'edilverbm', '0000-00-00'),
(47245, 47, 'EL BANCO', 'edilverbm', '0000-00-00'),
(47258, 47, 'EL PIÑON', 'edilverbm', '0000-00-00'),
(47268, 47, 'EL RETEN', 'edilverbm', '0000-00-00'),
(47288, 47, 'FUNDACION', 'edilverbm', '0000-00-00'),
(47318, 47, 'GUAMAL', 'edilverbm', '0000-00-00'),
(47460, 47, 'NUEVA GRANADA', 'edilverbm', '0000-00-00'),
(47541, 47, 'PEDRAZA', 'edilverbm', '0000-00-00'),
(47545, 47, 'PIJIÑO DEL CARMEN', 'edilverbm', '0000-00-00'),
(47551, 47, 'PIVIJAY', 'edilverbm', '0000-00-00'),
(47555, 47, 'PLATO', 'edilverbm', '0000-00-00'),
(47570, 47, 'PUEBLOVIEJO', 'edilverbm', '0000-00-00'),
(47605, 47, 'REMOLINO', 'edilverbm', '0000-00-00'),
(47660, 47, 'SABANAS DE SAN ANGEL', 'edilverbm', '0000-00-00'),
(47675, 47, 'SALAMINA', 'edilverbm', '0000-00-00'),
(47692, 47, 'SAN SEBASTIAN DE BUENAVISTA', 'edilverbm', '0000-00-00'),
(47703, 47, 'SAN ZENON', 'edilverbm', '0000-00-00'),
(47707, 47, 'SANTA ANA', 'edilverbm', '0000-00-00'),
(47720, 47, 'SANTA BARBARA DE PINTO', 'edilverbm', '0000-00-00'),
(47745, 47, 'SITIONUEVO', 'edilverbm', '0000-00-00'),
(47798, 47, 'TENERIFE', 'edilverbm', '0000-00-00'),
(47960, 47, 'ZAPAYAN', 'edilverbm', '0000-00-00'),
(47980, 47, 'ZONA BANANERA', 'edilverbm', '0000-00-00'),
(50001, 50, 'VILLAVICENCIO', 'edilverbm', '0000-00-00'),
(50006, 50, 'ACACIAS', 'edilverbm', '0000-00-00'),
(50110, 50, 'BARRANCA DE UPIA', 'edilverbm', '0000-00-00'),
(50124, 50, 'CABUYARO', 'edilverbm', '0000-00-00'),
(50150, 50, 'CASTILLA LA NUEVA', 'edilverbm', '0000-00-00'),
(50223, 50, 'CUBARRAL', 'edilverbm', '0000-00-00'),
(50226, 50, 'CUMARAL', 'edilverbm', '0000-00-00'),
(50245, 50, 'EL CALVARIO', 'edilverbm', '0000-00-00'),
(50251, 50, 'EL CASTILLO', 'edilverbm', '0000-00-00'),
(50270, 50, 'EL DORADO', 'edilverbm', '0000-00-00'),
(50287, 50, 'FUENTE DE ORO', 'edilverbm', '0000-00-00'),
(50313, 50, 'GRANADA', 'edilverbm', '0000-00-00'),
(50318, 50, 'GUAMAL', 'edilverbm', '0000-00-00'),
(50325, 50, 'MAPIRIPAN', 'edilverbm', '0000-00-00'),
(50330, 50, 'MESETAS', 'edilverbm', '0000-00-00'),
(50350, 50, 'LA MACARENA', 'edilverbm', '0000-00-00'),
(50370, 50, 'LA URIBE', 'edilverbm', '0000-00-00'),
(50400, 50, 'LEJANIAS', 'edilverbm', '0000-00-00'),
(50450, 50, 'PUERTO CONCORDIA', 'edilverbm', '0000-00-00'),
(50568, 50, 'PUERTO GAITAN', 'edilverbm', '0000-00-00'),
(50573, 50, 'PUERTO LOPEZ', 'edilverbm', '0000-00-00'),
(50577, 50, 'PUERTO LLERAS', 'edilverbm', '0000-00-00'),
(50590, 50, 'PUERTO RICO', 'edilverbm', '0000-00-00'),
(50606, 50, 'RESTREPO', 'edilverbm', '0000-00-00'),
(50680, 50, 'SAN CARLOS DE GUAROA', 'edilverbm', '0000-00-00'),
(50683, 50, 'SAN JUAN DE ARAMA', 'edilverbm', '0000-00-00'),
(50686, 50, 'SAN JUANITO', 'edilverbm', '0000-00-00'),
(50689, 50, 'SAN MARTIN', 'edilverbm', '0000-00-00'),
(50711, 50, 'VISTA HERMOSA', 'edilverbm', '0000-00-00'),
(52001, 52, 'PASTO', 'edilverbm', '0000-00-00'),
(52019, 52, 'ALBAN (SAN JOSE)', 'edilverbm', '0000-00-00'),
(52022, 52, 'ALDANA', 'edilverbm', '0000-00-00'),
(52036, 52, 'ANCUYA', 'edilverbm', '0000-00-00'),
(52051, 52, 'ARBOLEDA (BERRUECOS)', 'edilverbm', '0000-00-00'),
(52079, 52, 'BARBACOAS', 'edilverbm', '0000-00-00'),
(52083, 52, 'BELEN', 'edilverbm', '0000-00-00'),
(52110, 52, 'BUESACO', 'edilverbm', '0000-00-00'),
(52203, 52, 'COLON (GENOVA)', 'edilverbm', '0000-00-00'),
(52207, 52, 'CONSACA', 'edilverbm', '0000-00-00'),
(52210, 52, 'CONTADERO', 'edilverbm', '0000-00-00'),
(52215, 52, 'CORDOBA', 'edilverbm', '0000-00-00'),
(52224, 52, 'CUASPUD (CARLOSAMA)', 'edilverbm', '0000-00-00'),
(52227, 52, 'CUMBAL', 'edilverbm', '0000-00-00'),
(52233, 52, 'CUMBITARA', 'edilverbm', '0000-00-00'),
(52240, 52, 'CHACHAGUI', 'edilverbm', '0000-00-00'),
(52250, 52, 'EL CHARCO', 'edilverbm', '0000-00-00'),
(52254, 52, 'EL PEÑOL', 'edilverbm', '0000-00-00'),
(52256, 52, 'EL ROSARIO', 'edilverbm', '0000-00-00'),
(52258, 52, 'EL TABLON', 'edilverbm', '0000-00-00'),
(52260, 52, 'EL TAMBO', 'edilverbm', '0000-00-00'),
(52287, 52, 'FUNES', 'edilverbm', '0000-00-00'),
(52317, 52, 'GUACHUCAL', 'edilverbm', '0000-00-00'),
(52320, 52, 'GUAITARILLA', 'edilverbm', '0000-00-00'),
(52323, 52, 'GUALMATAN', 'edilverbm', '0000-00-00'),
(52352, 52, 'ILES', 'edilverbm', '0000-00-00'),
(52354, 52, 'IMUES', 'edilverbm', '0000-00-00'),
(52356, 52, 'IPIALES', 'edilverbm', '0000-00-00'),
(52378, 52, 'LA CRUZ', 'edilverbm', '0000-00-00'),
(52381, 52, 'LA FLORIDA', 'edilverbm', '0000-00-00'),
(52385, 52, 'LA LLANADA', 'edilverbm', '0000-00-00'),
(52390, 52, 'LA TOLA', 'edilverbm', '0000-00-00'),
(52399, 52, 'LA UNION', 'edilverbm', '0000-00-00'),
(52405, 52, 'LEIVA', 'edilverbm', '0000-00-00'),
(52411, 52, 'LINARES', 'edilverbm', '0000-00-00'),
(52418, 52, 'LOS ANDES (SOTOMAYOR)', 'edilverbm', '0000-00-00'),
(52427, 52, 'MAGUI (PAYAN)', 'edilverbm', '0000-00-00'),
(52435, 52, 'MALLAMA (PIEDRANCHA)', 'edilverbm', '0000-00-00'),
(52473, 52, 'MOSQUERA', 'edilverbm', '0000-00-00'),
(52480, 52, 'NARIÑO', 'edilverbm', '0000-00-00'),
(52490, 52, 'OLAYA HERRERA', 'edilverbm', '0000-00-00'),
(52506, 52, 'OSPINA', 'edilverbm', '0000-00-00'),
(52520, 52, 'FRANCISCO PIZARRO', 'edilverbm', '0000-00-00'),
(52540, 52, 'POLICARPA', 'edilverbm', '0000-00-00'),
(52560, 52, 'POTOSI', 'edilverbm', '0000-00-00'),
(52565, 52, 'PROVIDENCIA', 'edilverbm', '0000-00-00'),
(52573, 52, 'PUERRES', 'edilverbm', '0000-00-00'),
(52585, 52, 'PUPIALES', 'edilverbm', '0000-00-00'),
(52612, 52, 'RICAURTE', 'edilverbm', '0000-00-00'),
(52621, 52, 'ROBERTO PAYAN (SAN JOSE)', 'edilverbm', '0000-00-00'),
(52678, 52, 'SAMANIEGO', 'edilverbm', '0000-00-00'),
(52683, 52, 'SANDONA', 'edilverbm', '0000-00-00'),
(52685, 52, 'SAN BERNARDO', 'edilverbm', '0000-00-00'),
(52687, 52, 'SAN LORENZO', 'edilverbm', '0000-00-00'),
(52693, 52, 'SAN PABLO', 'edilverbm', '0000-00-00'),
(52694, 52, 'SAN PEDRO DE CARTAGO', 'edilverbm', '0000-00-00'),
(52696, 52, 'SANTA BARBARA (ISCUANDE)', 'edilverbm', '0000-00-00'),
(52699, 52, 'SANTACRUZ (GUACHAVES)', 'edilverbm', '0000-00-00'),
(52720, 52, 'SAPUYES', 'edilverbm', '0000-00-00'),
(52786, 52, 'TAMINANGO', 'edilverbm', '0000-00-00'),
(52788, 52, 'TANGUA', 'edilverbm', '0000-00-00'),
(52835, 52, 'TUMACO', 'edilverbm', '0000-00-00'),
(52838, 52, 'TUQUERRES', 'edilverbm', '0000-00-00'),
(52885, 52, 'YACUANQUER', 'edilverbm', '0000-00-00'),
(54001, 54, 'CUCUTA', 'edilverbm', '0000-00-00'),
(54003, 54, 'ABREGO', 'edilverbm', '0000-00-00'),
(54051, 54, 'ARBOLEDAS', 'edilverbm', '0000-00-00'),
(54099, 54, 'BOCHALEMA', 'edilverbm', '0000-00-00'),
(54109, 54, 'BUCARASICA', 'edilverbm', '0000-00-00'),
(54125, 54, 'CACOTA', 'edilverbm', '0000-00-00'),
(54128, 54, 'CACHIRA', 'edilverbm', '0000-00-00'),
(54172, 54, 'CHINACOTA', 'edilverbm', '0000-00-00'),
(54174, 54, 'CHITAGA', 'edilverbm', '0000-00-00'),
(54206, 54, 'CONVENCION', 'edilverbm', '0000-00-00'),
(54223, 54, 'CUCUTILLA', 'edilverbm', '0000-00-00'),
(54239, 54, 'DURANIA', 'edilverbm', '0000-00-00'),
(54245, 54, 'EL CARMEN', 'edilverbm', '0000-00-00'),
(54250, 54, 'EL TARRA', 'edilverbm', '0000-00-00'),
(54261, 54, 'EL ZULIA', 'edilverbm', '0000-00-00'),
(54313, 54, 'GRAMALOTE', 'edilverbm', '0000-00-00'),
(54344, 54, 'HACARI', 'edilverbm', '0000-00-00'),
(54347, 54, 'HERRAN', 'edilverbm', '0000-00-00'),
(54377, 54, 'LABATECA', 'edilverbm', '0000-00-00'),
(54385, 54, 'LA ESPERANZA', 'edilverbm', '0000-00-00'),
(54398, 54, 'LA PLAYA', 'edilverbm', '0000-00-00'),
(54405, 54, 'LOS PATIOS', 'edilverbm', '0000-00-00'),
(54418, 54, 'LOURDES', 'edilverbm', '0000-00-00'),
(54480, 54, 'MUTISCUA', 'edilverbm', '0000-00-00'),
(54498, 54, 'OCAÑA', 'edilverbm', '0000-00-00'),
(54518, 54, 'PAMPLONA', 'edilverbm', '0000-00-00'),
(54520, 54, 'PAMPLONITA', 'edilverbm', '0000-00-00'),
(54553, 54, 'PUERTO SANTANDER', 'edilverbm', '0000-00-00'),
(54599, 54, 'RAGONVALIA', 'edilverbm', '0000-00-00'),
(54660, 54, 'SALAZAR', 'edilverbm', '0000-00-00'),
(54670, 54, 'SAN CALIXTO', 'edilverbm', '0000-00-00'),
(54673, 54, 'SAN CAYETANO', 'edilverbm', '0000-00-00'),
(54680, 54, 'SANTIAGO', 'edilverbm', '0000-00-00'),
(54720, 54, 'SARDINATA', 'edilverbm', '0000-00-00'),
(54743, 54, 'SILOS', 'edilverbm', '0000-00-00'),
(54800, 54, 'TEORAMA', 'edilverbm', '0000-00-00'),
(54810, 54, 'TIBU', 'edilverbm', '0000-00-00'),
(54820, 54, 'TOLEDO', 'edilverbm', '0000-00-00'),
(54871, 54, 'VILLA CARO', 'edilverbm', '0000-00-00'),
(54874, 54, 'VILLA DEL ROSARIO', 'edilverbm', '0000-00-00'),
(63001, 63, 'ARMENIA', 'edilverbm', '0000-00-00'),
(63111, 63, 'BUENAVISTA', 'edilverbm', '0000-00-00'),
(63130, 63, 'CALARCA', 'edilverbm', '0000-00-00'),
(63190, 63, 'CIRCASIA', 'edilverbm', '0000-00-00'),
(63212, 63, 'CORDOBA', 'edilverbm', '0000-00-00'),
(63272, 63, 'FILANDIA', 'edilverbm', '0000-00-00'),
(63302, 63, 'GENOVA', 'edilverbm', '0000-00-00'),
(63401, 63, 'LA TEBAIDA', 'edilverbm', '0000-00-00'),
(63470, 63, 'MONTENEGRO', 'edilverbm', '0000-00-00'),
(63548, 63, 'PIJAO', 'edilverbm', '0000-00-00'),
(63594, 63, 'QUIMBAYA', 'edilverbm', '0000-00-00'),
(63690, 63, 'SALENTO', 'edilverbm', '0000-00-00'),
(66001, 66, 'PEREIRA', 'edilverbm', '0000-00-00'),
(66045, 66, 'APIA', 'edilverbm', '0000-00-00'),
(66075, 66, 'BALBOA', 'edilverbm', '0000-00-00'),
(66088, 66, 'BELEN DE UMBRIA', 'edilverbm', '0000-00-00'),
(66170, 66, 'DOS QUEBRADAS', 'edilverbm', '0000-00-00'),
(66318, 66, 'GUATICA', 'edilverbm', '0000-00-00'),
(66383, 66, 'LA CELIA', 'edilverbm', '0000-00-00'),
(66400, 66, 'LA VIRGINIA', 'edilverbm', '0000-00-00'),
(66440, 66, 'MARSELLA', 'edilverbm', '0000-00-00'),
(66456, 66, 'MISTRATO', 'edilverbm', '0000-00-00'),
(66572, 66, 'PUEBLO RICO', 'edilverbm', '0000-00-00'),
(66594, 66, 'QUINCHIA', 'edilverbm', '0000-00-00'),
(66682, 66, 'SANTA ROSA DE CABAL', 'edilverbm', '0000-00-00'),
(66687, 66, 'SANTUARIO', 'edilverbm', '0000-00-00'),
(68001, 68, 'BUCARAMANGA', 'edilverbm', '0000-00-00'),
(68013, 68, 'AGUADA', 'edilverbm', '0000-00-00'),
(68020, 68, 'ALBANIA', 'edilverbm', '0000-00-00'),
(68051, 68, 'ARATOCA', 'edilverbm', '0000-00-00'),
(68077, 68, 'BARBOSA', 'edilverbm', '0000-00-00'),
(68079, 68, 'BARICHARA', 'edilverbm', '0000-00-00'),
(68081, 68, 'BARRANCABERMEJA', 'edilverbm', '0000-00-00'),
(68092, 68, 'BETULIA', 'edilverbm', '0000-00-00'),
(68101, 68, 'BOLIVAR', 'edilverbm', '0000-00-00'),
(68121, 68, 'CABRERA', 'edilverbm', '0000-00-00'),
(68132, 68, 'CALIFORNIA', 'edilverbm', '0000-00-00'),
(68147, 68, 'CAPITANEJO', 'edilverbm', '0000-00-00'),
(68152, 68, 'CARCASI', 'edilverbm', '0000-00-00'),
(68160, 68, 'CEPITA', 'edilverbm', '0000-00-00'),
(68162, 68, 'CERRITO', 'edilverbm', '0000-00-00'),
(68167, 68, 'CHARALA', 'edilverbm', '0000-00-00'),
(68169, 68, 'CHARTA', 'edilverbm', '0000-00-00'),
(68176, 68, 'CHIMA', 'edilverbm', '0000-00-00'),
(68179, 68, 'CHIPATA', 'edilverbm', '0000-00-00'),
(68190, 68, 'CIMITARRA', 'edilverbm', '0000-00-00'),
(68207, 68, 'CONCEPCION', 'edilverbm', '0000-00-00'),
(68209, 68, 'CONFINES', 'edilverbm', '0000-00-00'),
(68211, 68, 'CONTRATACION', 'edilverbm', '0000-00-00'),
(68217, 68, 'COROMORO', 'edilverbm', '0000-00-00'),
(68229, 68, 'CURITI', 'edilverbm', '0000-00-00'),
(68235, 68, 'EL CARMEN', 'edilverbm', '0000-00-00'),
(68245, 68, 'EL GUACAMAYO', 'edilverbm', '0000-00-00'),
(68250, 68, 'EL PEÑON', 'edilverbm', '0000-00-00'),
(68255, 68, 'EL PLAYON', 'edilverbm', '0000-00-00'),
(68264, 68, 'ENCINO', 'edilverbm', '0000-00-00'),
(68266, 68, 'ENCISO', 'edilverbm', '0000-00-00'),
(68271, 68, 'FLORIAN', 'edilverbm', '0000-00-00'),
(68276, 68, 'FLORIDABLANCA', 'edilverbm', '0000-00-00'),
(68296, 68, 'GALAN', 'edilverbm', '0000-00-00'),
(68298, 68, 'GAMBITA', 'edilverbm', '0000-00-00'),
(68307, 68, 'GIRON', 'edilverbm', '0000-00-00'),
(68318, 68, 'GUACA', 'edilverbm', '0000-00-00'),
(68320, 68, 'GUADALUPE', 'edilverbm', '0000-00-00'),
(68322, 68, 'GUAPOTA', 'edilverbm', '0000-00-00'),
(68324, 68, 'GUAVATA', 'edilverbm', '0000-00-00'),
(68327, 68, 'GUEPSA', 'edilverbm', '0000-00-00'),
(68344, 68, 'HATO', 'edilverbm', '0000-00-00'),
(68368, 68, 'JESUS MARIA', 'edilverbm', '0000-00-00'),
(68370, 68, 'JORDAN', 'edilverbm', '0000-00-00'),
(68377, 68, 'LA BELLEZA', 'edilverbm', '0000-00-00'),
(68385, 68, 'LANDAZURI', 'edilverbm', '0000-00-00'),
(68397, 68, 'LA PAZ', 'edilverbm', '0000-00-00'),
(68406, 68, 'LEBRIJA', 'edilverbm', '0000-00-00'),
(68418, 68, 'LOS SANTOS', 'edilverbm', '0000-00-00'),
(68425, 68, 'MACARAVITA', 'edilverbm', '0000-00-00'),
(68432, 68, 'MALAGA', 'edilverbm', '0000-00-00'),
(68444, 68, 'MATANZA', 'edilverbm', '0000-00-00'),
(68464, 68, 'MOGOTES', 'edilverbm', '0000-00-00'),
(68468, 68, 'MOLAGAVITA', 'edilverbm', '0000-00-00'),
(68498, 68, 'OCAMONTE', 'edilverbm', '0000-00-00'),
(68500, 68, 'OIBA', 'edilverbm', '0000-00-00'),
(68502, 68, 'ONZAGA', 'edilverbm', '0000-00-00'),
(68522, 68, 'PALMAR', 'edilverbm', '0000-00-00'),
(68524, 68, 'PALMAS DEL SOCORRO', 'edilverbm', '0000-00-00'),
(68533, 68, 'PARAMO', 'edilverbm', '0000-00-00'),
(68547, 68, 'PIEDECUESTA', 'edilverbm', '0000-00-00'),
(68549, 68, 'PINCHOTE', 'edilverbm', '0000-00-00'),
(68572, 68, 'PUENTE NACIONAL', 'edilverbm', '0000-00-00'),
(68573, 68, 'PUERTO PARRA', 'edilverbm', '0000-00-00'),
(68575, 68, 'PUERTO WILCHES', 'edilverbm', '0000-00-00'),
(68615, 68, 'RIONEGRO', 'edilverbm', '0000-00-00'),
(68655, 68, 'SABANA DE TORRES', 'edilverbm', '0000-00-00'),
(68669, 68, 'SAN ANDRES', 'edilverbm', '0000-00-00'),
(68673, 68, 'SAN BENITO', 'edilverbm', '0000-00-00'),
(68679, 68, 'SAN GIL', 'edilverbm', '0000-00-00'),
(68682, 68, 'SAN JOAQUIN', 'edilverbm', '0000-00-00'),
(68684, 68, 'SAN JOSE DE MIRANDA', 'edilverbm', '0000-00-00'),
(68686, 68, 'SAN MIGUEL', 'edilverbm', '0000-00-00'),
(68689, 68, 'SAN VICENTE DE CHUCURI', 'edilverbm', '0000-00-00'),
(68705, 68, 'SANTA BARBARA', 'edilverbm', '0000-00-00'),
(68720, 68, 'SANTA HELENA DEL OPON', 'edilverbm', '0000-00-00'),
(68745, 68, 'SIMACOTA', 'edilverbm', '0000-00-00'),
(68755, 68, 'SOCORRO', 'edilverbm', '0000-00-00'),
(68770, 68, 'SUAITA', 'edilverbm', '0000-00-00'),
(68773, 68, 'SUCRE', 'edilverbm', '0000-00-00'),
(68780, 68, 'SURATA', 'edilverbm', '0000-00-00'),
(68820, 68, 'TONA', 'edilverbm', '0000-00-00'),
(68855, 68, 'VALLE DE SAN JOSE', 'edilverbm', '0000-00-00'),
(68861, 68, 'VELEZ', 'edilverbm', '0000-00-00'),
(68867, 68, 'VETAS', 'edilverbm', '0000-00-00'),
(68872, 68, 'VILLANUEVA', 'edilverbm', '0000-00-00'),
(68895, 68, 'ZAPATOCA', 'edilverbm', '0000-00-00'),
(70001, 70, 'SINCELEJO', 'edilverbm', '0000-00-00'),
(70110, 70, 'BUENAVISTA', 'edilverbm', '0000-00-00'),
(70124, 70, 'CAIMITO', 'edilverbm', '0000-00-00'),
(70204, 70, 'COLOSO (RICAURTE) (RICAURTE)', 'edilverbm', '0000-00-00'),
(70215, 70, 'COROZAL', 'edilverbm', '0000-00-00'),
(70221, 70, 'COVEÑAS', 'edilverbm', '0000-00-00'),
(70230, 70, 'CHALAN', 'edilverbm', '0000-00-00'),
(70233, 70, 'EL ROBLE', 'edilverbm', '0000-00-00'),
(70235, 70, 'GALERAS (NUEVA GRANADA)', 'edilverbm', '0000-00-00'),
(70265, 70, 'GUARANDA', 'edilverbm', '0000-00-00'),
(70400, 70, 'LA UNION', 'edilverbm', '0000-00-00'),
(70418, 70, 'LOS PALMITOS', 'edilverbm', '0000-00-00'),
(70429, 70, 'MAJAGUAL', 'edilverbm', '0000-00-00'),
(70473, 70, 'MORROA', 'edilverbm', '0000-00-00'),
(70508, 70, 'OVEJAS', 'edilverbm', '0000-00-00'),
(70523, 70, 'PALMITO', 'edilverbm', '0000-00-00'),
(70670, 70, 'SAMPUES', 'edilverbm', '0000-00-00'),
(70678, 70, 'SAN BENITO ABAD', 'edilverbm', '0000-00-00'),
(70702, 70, 'SAN JUAN DE BETULIA', 'edilverbm', '0000-00-00'),
(70708, 70, 'SAN MARCOS', 'edilverbm', '0000-00-00'),
(70713, 70, 'SAN ONOFRE', 'edilverbm', '0000-00-00'),
(70717, 70, 'SAN PEDRO', 'edilverbm', '0000-00-00'),
(70742, 70, 'SINCE', 'edilverbm', '0000-00-00'),
(70771, 70, 'SUCRE', 'edilverbm', '0000-00-00'),
(70820, 70, 'TOLU', 'edilverbm', '0000-00-00'),
(70823, 70, 'TOLUVIEJO', 'edilverbm', '0000-00-00'),
(73001, 73, 'IBAGUE', 'edilverbm', '0000-00-00'),
(73024, 73, 'ALPUJARRA', 'edilverbm', '0000-00-00'),
(73026, 73, 'ALVARADO', 'edilverbm', '0000-00-00'),
(73030, 73, 'AMBALEMA', 'edilverbm', '0000-00-00'),
(73043, 73, 'ANZOATEGUI', 'edilverbm', '0000-00-00'),
(73055, 73, 'ARMERO (GUAYABAL)', 'edilverbm', '0000-00-00'),
(73067, 73, 'ATACO', 'edilverbm', '0000-00-00'),
(73124, 73, 'CAJAMARCA', 'edilverbm', '0000-00-00'),
(73148, 73, 'CARMEN DE APICALA', 'edilverbm', '0000-00-00'),
(73152, 73, 'CASABIANCA', 'edilverbm', '0000-00-00'),
(73168, 73, 'CHAPARRAL', 'edilverbm', '0000-00-00'),
(73200, 73, 'COELLO', 'edilverbm', '0000-00-00'),
(73217, 73, 'COYAIMA', 'edilverbm', '0000-00-00'),
(73226, 73, 'CUNDAY', 'edilverbm', '0000-00-00'),
(73236, 73, 'DOLORES', 'edilverbm', '0000-00-00'),
(73268, 73, 'ESPINAL', 'edilverbm', '0000-00-00'),
(73270, 73, 'FALAN', 'edilverbm', '0000-00-00'),
(73275, 73, 'FLANDES', 'edilverbm', '0000-00-00'),
(73283, 73, 'FRESNO', 'edilverbm', '0000-00-00'),
(73319, 73, 'GUAMO', 'edilverbm', '0000-00-00'),
(73347, 73, 'HERVEO', 'edilverbm', '0000-00-00'),
(73349, 73, 'HONDA', 'edilverbm', '0000-00-00');
INSERT INTO `tbl_ciudadgeneral` (`CIGE_ID`, `DEGE_ID`, `CIGE_NOMBRE`, `CIGE_REGISTRADOPOR`, `CIGE_FECHACAMBIO`) VALUES
(73352, 73, 'ICONONZO', 'edilverbm', '0000-00-00'),
(73408, 73, 'LERIDA', 'edilverbm', '0000-00-00'),
(73411, 73, 'LIBANO', 'edilverbm', '0000-00-00'),
(73443, 73, 'MARIQUITA', 'edilverbm', '0000-00-00'),
(73449, 73, 'MELGAR', 'edilverbm', '0000-00-00'),
(73461, 73, 'MURILLO', 'edilverbm', '0000-00-00'),
(73483, 73, 'NATAGAIMA', 'edilverbm', '0000-00-00'),
(73504, 73, 'ORTEGA', 'edilverbm', '0000-00-00'),
(73520, 73, 'PALOCABILDO', 'edilverbm', '0000-00-00'),
(73547, 73, 'PIEDRAS', 'edilverbm', '0000-00-00'),
(73555, 73, 'PLANADAS', 'edilverbm', '0000-00-00'),
(73563, 73, 'PRADO', 'edilverbm', '0000-00-00'),
(73585, 73, 'PURIFICACION', 'edilverbm', '0000-00-00'),
(73616, 73, 'RIOBLANCO', 'edilverbm', '0000-00-00'),
(73622, 73, 'RONCESVALLES', 'edilverbm', '0000-00-00'),
(73624, 73, 'ROVIRA', 'edilverbm', '0000-00-00'),
(73671, 73, 'SALDAÑA', 'edilverbm', '0000-00-00'),
(73675, 73, 'SAN ANTONIO', 'edilverbm', '0000-00-00'),
(73678, 73, 'SAN LUIS', 'edilverbm', '0000-00-00'),
(73686, 73, 'SANTA ISABEL', 'edilverbm', '0000-00-00'),
(73770, 73, 'SUAREZ', 'edilverbm', '0000-00-00'),
(73854, 73, 'VALLE DE SAN JUAN', 'edilverbm', '0000-00-00'),
(73861, 73, 'VENADILLO', 'edilverbm', '0000-00-00'),
(73870, 73, 'VILLAHERMOSA', 'edilverbm', '0000-00-00'),
(73873, 73, 'VILLARRICA', 'edilverbm', '0000-00-00'),
(76001, 76, 'CALI', 'edilverbm', '0000-00-00'),
(76020, 76, 'ALCALA', 'edilverbm', '0000-00-00'),
(76036, 76, 'ANDALUCIA', 'edilverbm', '0000-00-00'),
(76041, 76, 'ANSERMANUEVO', 'edilverbm', '0000-00-00'),
(76054, 76, 'ARGELIA', 'edilverbm', '0000-00-00'),
(76100, 76, 'BOLIVAR', 'edilverbm', '0000-00-00'),
(76109, 76, 'BUENAVENTURA', 'edilverbm', '0000-00-00'),
(76111, 76, 'BUGA', 'edilverbm', '0000-00-00'),
(76113, 76, 'BUGALAGRANDE', 'edilverbm', '0000-00-00'),
(76122, 76, 'CAICEDONIA', 'edilverbm', '0000-00-00'),
(76126, 76, 'CALIMA (DARIEN)', 'edilverbm', '0000-00-00'),
(76130, 76, 'CANDELARIA', 'edilverbm', '0000-00-00'),
(76147, 76, 'CARTAGO', 'edilverbm', '0000-00-00'),
(76233, 76, 'DAGUA', 'edilverbm', '0000-00-00'),
(76243, 76, 'EL AGUILA', 'edilverbm', '0000-00-00'),
(76246, 76, 'EL CAIRO', 'edilverbm', '0000-00-00'),
(76248, 76, 'EL CERRITO', 'edilverbm', '0000-00-00'),
(76250, 76, 'EL DOVIO', 'edilverbm', '0000-00-00'),
(76275, 76, 'FLORIDA', 'edilverbm', '0000-00-00'),
(76306, 76, 'GINEBRA', 'edilverbm', '0000-00-00'),
(76318, 76, 'GUACARI', 'edilverbm', '0000-00-00'),
(76364, 76, 'JAMUNDI', 'edilverbm', '0000-00-00'),
(76377, 76, 'LA CUMBRE', 'edilverbm', '0000-00-00'),
(76400, 76, 'LA UNION', 'edilverbm', '0000-00-00'),
(76403, 76, 'LA VICTORIA', 'edilverbm', '0000-00-00'),
(76497, 76, 'OBANDO', 'edilverbm', '0000-00-00'),
(76520, 76, 'PALMIRA', 'edilverbm', '0000-00-00'),
(76563, 76, 'PRADERA', 'edilverbm', '0000-00-00'),
(76606, 76, 'RESTREPO', 'edilverbm', '0000-00-00'),
(76616, 76, 'RIOFRIO', 'edilverbm', '0000-00-00'),
(76622, 76, 'ROLDANILLO', 'edilverbm', '0000-00-00'),
(76670, 76, 'SAN PEDRO', 'edilverbm', '0000-00-00'),
(76736, 76, 'SEVILLA', 'edilverbm', '0000-00-00'),
(76823, 76, 'TORO', 'edilverbm', '0000-00-00'),
(76828, 76, 'TRUJILLO', 'edilverbm', '0000-00-00'),
(76834, 76, 'TULUA', 'edilverbm', '0000-00-00'),
(76845, 76, 'ULLOA', 'edilverbm', '0000-00-00'),
(76863, 76, 'VERSALLES', 'edilverbm', '0000-00-00'),
(76869, 76, 'VIJES', 'edilverbm', '0000-00-00'),
(76890, 76, 'YOTOCO', 'edilverbm', '0000-00-00'),
(76892, 76, 'YUMBO', 'edilverbm', '0000-00-00'),
(76895, 76, 'ZARZAL', 'edilverbm', '0000-00-00'),
(81001, 81, 'ARAUCA', 'edilverbm', '0000-00-00'),
(81065, 81, 'ARAUQUITA', 'edilverbm', '0000-00-00'),
(81220, 81, 'CRAVO NORTE', 'edilverbm', '0000-00-00'),
(81300, 81, 'FORTUL', 'edilverbm', '0000-00-00'),
(81591, 81, 'PUERTO RONDON', 'edilverbm', '0000-00-00'),
(81736, 81, 'SARAVENA', 'edilverbm', '0000-00-00'),
(81794, 81, 'TAME', 'edilverbm', '0000-00-00'),
(85001, 85, 'YOPAL', 'edilverbm', '0000-00-00'),
(85010, 85, 'AGUAZUL', 'edilverbm', '0000-00-00'),
(85015, 85, 'CHAMEZA', 'edilverbm', '0000-00-00'),
(85125, 85, 'HATO COROZAL', 'edilverbm', '0000-00-00'),
(85136, 85, 'LA SALINA', 'edilverbm', '0000-00-00'),
(85139, 85, 'MANI', 'edilverbm', '0000-00-00'),
(85162, 85, 'MONTERREY', 'edilverbm', '0000-00-00'),
(85225, 85, 'NUNCHIA', 'edilverbm', '0000-00-00'),
(85230, 85, 'OROCUE', 'edilverbm', '0000-00-00'),
(85250, 85, 'PAZ DE ARIPORO', 'edilverbm', '0000-00-00'),
(85263, 85, 'PORE', 'edilverbm', '0000-00-00'),
(85279, 85, 'RECETOR', 'edilverbm', '0000-00-00'),
(85300, 85, 'SABANALARGA', 'edilverbm', '0000-00-00'),
(85315, 85, 'SACAMA', 'edilverbm', '0000-00-00'),
(85325, 85, 'SAN LUIS DE PALENQUE', 'edilverbm', '0000-00-00'),
(85400, 85, 'TAMARA', 'edilverbm', '0000-00-00'),
(85410, 85, 'TAURAMENA', 'edilverbm', '0000-00-00'),
(85430, 85, 'TRINIDAD', 'edilverbm', '0000-00-00'),
(85440, 85, 'VILLANUEVA', 'edilverbm', '0000-00-00'),
(86001, 86, 'MOCOA', 'edilverbm', '0000-00-00'),
(86219, 86, 'COLON', 'edilverbm', '0000-00-00'),
(86320, 86, 'ORITO', 'edilverbm', '0000-00-00'),
(86568, 86, 'PUERTO ASIS', 'edilverbm', '0000-00-00'),
(86569, 86, 'PUERTO CAICEDO', 'edilverbm', '0000-00-00'),
(86571, 86, 'PUERTO GUZMAN', 'edilverbm', '0000-00-00'),
(86573, 86, 'PUERTO  LEGUIZAMO', 'edilverbm', '0000-00-00'),
(86749, 86, 'SIBUNDOY', 'edilverbm', '0000-00-00'),
(86755, 86, 'SAN FRANCISCO', 'edilverbm', '0000-00-00'),
(86757, 86, 'SAN MIGUEL', 'edilverbm', '0000-00-00'),
(86760, 86, 'SANTIAGO', 'edilverbm', '0000-00-00'),
(86865, 86, 'VILLA GUAMEZ (LA HORMIGA)', 'edilverbm', '0000-00-00'),
(86885, 86, 'VILLAGARZON', 'edilverbm', '0000-00-00'),
(88001, 88, 'SAN ANDRES', 'edilverbm', '0000-00-00'),
(88564, 88, 'PROVIDENCIA', 'edilverbm', '0000-00-00'),
(91001, 91, 'LETICIA', 'edilverbm', '0000-00-00'),
(91263, 91, 'EL ENCANTO', 'edilverbm', '0000-00-00'),
(91405, 91, 'LA CHORRERA', 'edilverbm', '0000-00-00'),
(91407, 91, 'LA PEDRERA', 'edilverbm', '0000-00-00'),
(91430, 91, 'LA VICTORIA', 'edilverbm', '0000-00-00'),
(91460, 91, 'MIRITI-PARANA', 'edilverbm', '0000-00-00'),
(91530, 91, 'PUERTO ALEGRIA', 'edilverbm', '0000-00-00'),
(91536, 91, 'PUERTO ARICA', 'edilverbm', '0000-00-00'),
(91540, 91, 'PUERTO NARIÑO', 'edilverbm', '0000-00-00'),
(91669, 91, 'PTO SANTANDER', 'edilverbm', '0000-00-00'),
(91798, 91, 'TARAPACA', 'edilverbm', '0000-00-00'),
(94001, 94, 'INIRIDA', 'edilverbm', '0000-00-00'),
(94343, 94, 'GUAVIARE (BARRANCO MINAS)', 'edilverbm', '0000-00-00'),
(94663, 94, 'MAPIRIPANA', 'edilverbm', '0000-00-00'),
(94883, 94, 'SAN FELIPE', 'edilverbm', '0000-00-00'),
(94884, 94, 'PUERTO COLOMBIA', 'edilverbm', '0000-00-00'),
(94885, 94, 'LA GUADALUPE', 'edilverbm', '0000-00-00'),
(94886, 94, 'CACAHUAL', 'edilverbm', '0000-00-00'),
(94887, 94, 'PANA PANA', 'edilverbm', '0000-00-00'),
(94888, 94, 'MORICHAL NUEVO', 'edilverbm', '0000-00-00'),
(95001, 95, 'SAN JOSE DEL GUAVIARE', 'edilverbm', '0000-00-00'),
(95015, 95, 'CALAMAR', 'edilverbm', '0000-00-00'),
(95025, 95, 'EL RETORNO', 'edilverbm', '0000-00-00'),
(95200, 95, 'MIRAFLORES', 'edilverbm', '0000-00-00'),
(97001, 97, 'MITU', 'edilverbm', '0000-00-00'),
(97161, 97, 'CARURU', 'edilverbm', '0000-00-00'),
(97511, 97, 'PACOA', 'edilverbm', '0000-00-00'),
(97666, 97, 'TARAIRA', 'edilverbm', '0000-00-00'),
(97777, 97, 'PAPUNAUA', 'edilverbm', '0000-00-00'),
(97889, 97, 'YAVARATE', 'edilverbm', '0000-00-00'),
(99001, 99, 'PUERTO CARREÑO', 'edilverbm', '0000-00-00'),
(99524, 99, 'LA PRIMAVERA', 'edilverbm', '0000-00-00'),
(99572, 99, 'TAMBORA', 'edilverbm', '0000-00-00'),
(99624, 99, 'SANTA ROSALIA', 'edilverbm', '0000-00-00'),
(99773, 99, 'CUMARIBO', 'edilverbm', '0000-00-00'),
(99774, 70, 'PILETA', 'edilverbm', '0000-00-00'),
(99775, 13, 'PILETA', 'edilverbm', '0000-00-00');

-- --------------------------------------------------------

--
-- Estructura de tabla para la tabla `tbl_departamentogeneral`
--

CREATE TABLE IF NOT EXISTS `tbl_departamentogeneral` (
  `DEGE_ID` int(11) NOT NULL AUTO_INCREMENT COMMENT 'ID',
  `DEGE_NOMBRE` varchar(80) NOT NULL COMMENT 'NOMBRE',
  `PAGE_ID` varchar(2) NOT NULL DEFAULT '0' COMMENT 'ID PAIS',
  `DEGE_REGISTRADOPOR` varchar(30) NOT NULL COMMENT 'REGISTRADO POR',
  `DEGE_FECHACAMBIO` date NOT NULL COMMENT 'FECHA DE CAMBIO',
  PRIMARY KEY (`DEGE_ID`),
  KEY `PAGE_ID` (`PAGE_ID`)
) ENGINE=InnoDB  DEFAULT CHARSET=utf8 AUTO_INCREMENT=100 ;

--
-- Volcado de datos para la tabla `tbl_departamentogeneral`
--

INSERT INTO `tbl_departamentogeneral` (`DEGE_ID`, `DEGE_NOMBRE`, `PAGE_ID`, `DEGE_REGISTRADOPOR`, `DEGE_FECHACAMBIO`) VALUES
(1, 'SANTA FÉ', 'AR', 'edilverbm', '0000-00-00'),
(5, 'Antioquia', 'CO', 'edilverbm', '0000-00-00'),
(8, 'Atlántico', 'CO', 'edilverbm', '0000-00-00'),
(9, 'SIN DEPARTAMENTO', 'CO', 'edilverbm', '0000-00-00'),
(11, 'Bogotá Distrito Capital', 'CO', 'edilverbm', '0000-00-00'),
(13, 'Bolívar', 'CO', 'edilverbm', '0000-00-00'),
(15, 'Boyacá', 'CO', 'edilverbm', '0000-00-00'),
(17, 'Caldas', 'CO', 'edilverbm', '0000-00-00'),
(18, 'Caquetá', 'CO', 'edilverbm', '0000-00-00'),
(19, 'Cauca', 'CO', 'edilverbm', '0000-00-00'),
(20, 'Cesar', 'CO', 'edilverbm', '0000-00-00'),
(23, 'Córdoba', 'CO', 'edilverbm', '0000-00-00'),
(25, 'Cundinamarca', 'CO', 'edilverbm', '0000-00-00'),
(27, 'Choco', 'CO', 'edilverbm', '0000-00-00'),
(37, 'Ninguno', '0', 'edilverbm', '0000-00-00'),
(41, 'Huila', 'CO', 'edilverbm', '0000-00-00'),
(44, 'La Guajira', 'CO', 'edilverbm', '0000-00-00'),
(47, 'Magdalena', 'CO', 'edilverbm', '0000-00-00'),
(50, 'Meta', 'CO', 'edilverbm', '0000-00-00'),
(52, 'Nariño', 'CO', 'edilverbm', '0000-00-00'),
(54, 'Norte de Santander', 'CO', 'edilverbm', '0000-00-00'),
(63, 'Quindio', 'CO', 'edilverbm', '0000-00-00'),
(66, 'Risaralda', 'CO', 'edilverbm', '0000-00-00'),
(68, 'Santander', 'CO', 'edilverbm', '0000-00-00'),
(70, 'Sucre', 'CO', 'edilverbm', '0000-00-00'),
(73, 'Tolima', 'CO', 'edilverbm', '0000-00-00'),
(76, 'Valle del Cauca', 'CO', 'edilverbm', '0000-00-00'),
(81, 'Arauca', 'CO', 'edilverbm', '0000-00-00'),
(85, 'Casanare', 'CO', 'edilverbm', '0000-00-00'),
(86, 'Putumayo', 'CO', 'edilverbm', '0000-00-00'),
(88, 'Archipielago de San Andrés', 'CO', 'edilverbm', '0000-00-00'),
(91, 'Amazonas', 'CO', 'edilverbm', '0000-00-00'),
(94, 'Guainía', 'CO', 'edilverbm', '0000-00-00'),
(95, 'Guaviare', 'CO', 'edilverbm', '0000-00-00'),
(97, 'Vaupés', 'CO', 'edilverbm', '0000-00-00'),
(99, 'Vichada', 'CO', 'edilverbm', '0000-00-00');

-- --------------------------------------------------------

--
-- Estructura de tabla para la tabla `tbl_paisgeneral`
--

CREATE TABLE IF NOT EXISTS `tbl_paisgeneral` (
  `PAGE_ABREVIATURA` varchar(2) NOT NULL,
  `PAGE_NOMBRE` varchar(50) NOT NULL COMMENT 'NOMBRE',
  `PAGE_REGISTRADOPOR` varchar(30) NOT NULL COMMENT 'REGISTRADO POR',
  `PAGE_FECHACAMBIO` date NOT NULL COMMENT 'FECHA DE CAMBIO',
  `PAGE_CODIGODANE` varchar(5) DEFAULT NULL COMMENT 'CODIGO DANE',
  PRIMARY KEY (`PAGE_ABREVIATURA`)
) ENGINE=InnoDB DEFAULT CHARSET=utf8;

--
-- Volcado de datos para la tabla `tbl_paisgeneral`
--

INSERT INTO `tbl_paisgeneral` (`PAGE_ABREVIATURA`, `PAGE_NOMBRE`, `PAGE_REGISTRADOPOR`, `PAGE_FECHACAMBIO`, `PAGE_CODIGODANE`) VALUES
('0', 'Ninguno', 'edilverbm', '2014-07-17', NULL),
('AD', 'Andorra', 'edilverbm', '2014-07-17', NULL),
('AE', 'Emiratos Arabes', 'edilverbm', '2014-07-17', NULL),
('AF', 'Afghanistan', 'edilverbm', '2014-07-17', NULL),
('AG', 'Antigua', 'edilverbm', '2014-07-17', NULL),
('AI', 'Anguila', 'edilverbm', '2014-07-17', NULL),
('AL', 'Albania', 'edilverbm', '2014-07-17', NULL),
('AM', 'Armenia', 'edilverbm', '2014-07-17', NULL),
('AN', 'Antilla', 'edilverbm', '2014-07-17', NULL),
('AO', 'Angola', 'edilverbm', '2014-07-17', NULL),
('AR', 'Argentina', 'edilverbm', '2014-07-17', NULL),
('AT', 'Austria', 'edilverbm', '2014-07-17', NULL),
('AU', 'Australia', 'edilverbm', '2014-07-17', NULL),
('AW', 'Aruba', 'edilverbm', '2014-07-17', NULL),
('AZ', 'Azerbai', 'edilverbm', '2014-07-17', NULL),
('BA', 'Bosnia y Hezegovina', 'edilverbm', '2014-07-17', NULL),
('BB', 'Barbado', 'edilverbm', '2014-07-17', NULL),
('BD', 'Banglad', 'edilverbm', '2014-07-17', NULL),
('BE', 'Belgica', 'edilverbm', '2014-07-17', NULL),
('BF', 'Burkina Faso', 'edilverbm', '2014-07-17', NULL),
('BG', 'Bulgaria', 'edilverbm', '2014-07-17', NULL),
('BH', 'Bahrain', 'edilverbm', '2014-07-17', NULL),
('BI', 'Burundi', 'edilverbm', '2014-07-17', NULL),
('BJ', 'Benin', 'edilverbm', '2014-07-17', NULL),
('BM', 'Bermudas', 'edilverbm', '2014-07-17', NULL),
('BN', 'Brunei', 'edilverbm', '2014-07-17', NULL),
('BO', 'Bolivia', 'edilverbm', '2014-07-17', NULL),
('BR', 'Brasil', 'edilverbm', '2014-07-17', NULL),
('BS', 'Bahamas', 'edilverbm', '2014-07-17', NULL),
('BT', 'Butan', 'edilverbm', '2014-07-17', NULL),
('BV', 'Isla Bouvet', 'edilverbm', '2014-07-17', NULL),
('BW', 'Botsuana', 'edilverbm', '2014-07-17', NULL),
('BY', 'Bielorusia', 'edilverbm', '2014-07-17', NULL),
('BZ', 'Belice', 'edilverbm', '2014-07-17', NULL),
('CA', 'Canada', 'edilverbm', '2014-07-17', NULL),
('CF', 'Rep. Centroafricana', 'edilverbm', '2014-07-17', NULL),
('CG', 'Congo', 'edilverbm', '2014-07-17', NULL),
('CH', 'Suiza', 'edilverbm', '2014-07-17', NULL),
('CI', 'Costa de Marfil', 'edilverbm', '2014-07-17', NULL),
('CK', 'Islas Cook', 'edilverbm', '2014-07-17', NULL),
('CL', 'Chile', 'edilverbm', '2014-07-17', NULL),
('CM', 'Camerun', 'edilverbm', '2014-07-17', NULL),
('CN', 'China', 'edilverbm', '2014-07-17', NULL),
('CO', 'Colombia', 'edilverbm', '2014-07-17', NULL),
('CR', 'Costa Rica', 'edilverbm', '2014-07-17', NULL),
('CU', 'Cuba', 'edilverbm', '2014-07-17', NULL),
('CV', 'Cabo Verde', 'edilverbm', '2014-07-17', NULL),
('CX', 'Isla Christmas', 'edilverbm', '2014-07-17', NULL),
('CY', 'Chipre', 'edilverbm', '2014-07-17', NULL),
('CZ', 'Republica Checa', 'edilverbm', '2014-07-17', NULL),
('DE', 'Alemania', 'edilverbm', '2014-07-17', NULL),
('DJ', 'Yibuti', 'edilverbm', '2014-07-17', NULL),
('DK', 'Dinamarca', 'edilverbm', '2014-07-17', NULL),
('DM', 'Dominica', 'edilverbm', '2014-07-17', NULL),
('DO', 'Republica Dominicana', 'edilverbm', '2014-07-17', NULL),
('DZ', 'Argelia', 'edilverbm', '2014-07-17', NULL),
('EC', 'Ecuador', 'edilverbm', '2014-07-17', NULL),
('EE', 'Estonia', 'edilverbm', '2014-07-17', NULL),
('EG', 'Egipto', 'edilverbm', '2014-07-17', NULL),
('EH', 'Sahara Occidental', 'edilverbm', '2014-07-17', NULL),
('ER', 'Eritrea', 'edilverbm', '2014-07-17', NULL),
('ES', 'España', 'edilverbm', '2014-07-17', NULL),
('ET', 'Etiopia', 'edilverbm', '2014-07-17', NULL),
('FI', 'Finlandia', 'edilverbm', '2014-07-17', NULL),
('FJ', 'Fiyi', 'edilverbm', '2014-07-17', NULL),
('FK', 'Islas Malvinas', 'edilverbm', '2014-07-17', NULL),
('FM', 'Micronesia', 'edilverbm', '2014-07-17', NULL),
('FO', 'Islas Feroe', 'edilverbm', '2014-07-17', NULL),
('FR', 'Francia', 'edilverbm', '2014-07-17', NULL),
('GA', 'Gabon', 'edilverbm', '2014-07-17', NULL),
('GD', 'Granada', 'edilverbm', '2014-07-17', NULL),
('GE', 'Georgia', 'edilverbm', '2014-07-17', NULL),
('GF', 'Guyana Francesa', 'edilverbm', '2014-07-17', NULL),
('GH', 'Ghana', 'edilverbm', '2014-07-17', NULL),
('GI', 'Gibraltar', 'edilverbm', '2014-07-17', NULL),
('GL', 'Groenlandia', 'edilverbm', '2014-07-17', NULL),
('GM', 'Gambia', 'edilverbm', '2014-07-17', NULL),
('GN', 'Guinea', 'edilverbm', '2014-07-17', NULL),
('GP', 'Guadalupre', 'edilverbm', '2014-07-17', NULL),
('GQ', 'Guinea Ecuatorial', 'edilverbm', '2014-07-17', NULL),
('GR', 'Grecia', 'edilverbm', '2014-07-17', NULL),
('GS', 'Isla Sandwinch del Sur', 'edilverbm', '2014-07-17', NULL),
('GT', 'Guatemala', 'edilverbm', '2014-07-17', NULL),
('GW', 'Guinea-Bissau', 'edilverbm', '2014-07-17', NULL),
('GY', 'Guyana', 'edilverbm', '2014-07-17', NULL),
('HK', 'Hong Kong', 'edilverbm', '2014-07-17', NULL),
('HM', 'Islas Heard y McDonald', 'edilverbm', '2014-07-17', NULL),
('HN', 'Honduras', 'edilverbm', '2014-07-17', NULL),
('HR', 'Croacia', 'edilverbm', '2014-07-17', NULL),
('HT', 'Haiti', 'edilverbm', '2014-07-17', NULL),
('HU', 'Hungria', 'edilverbm', '2014-07-17', NULL),
('IE', 'Irlanda', 'edilverbm', '2014-07-17', NULL),
('IL', 'Israel', 'edilverbm', '2014-07-17', NULL),
('IN', 'India', 'edilverbm', '2014-07-17', NULL),
('IO', 'Terr. Brit. Oceano Indico', 'edilverbm', '2014-07-17', NULL),
('IQ', 'Irak', 'edilverbm', '2014-07-17', NULL),
('IR', 'Iran', 'edilverbm', '2014-07-17', NULL),
('IS', 'Islandia', 'edilverbm', '2014-07-17', NULL),
('IT', 'Italia', 'edilverbm', '2014-07-17', NULL),
('JM', 'Jamaica', 'edilverbm', '2014-07-17', NULL),
('JO', 'Jordania', 'edilverbm', '2014-07-17', NULL),
('JP', 'Japon', 'edilverbm', '2014-07-17', NULL),
('KE', 'Kenia', 'edilverbm', '2014-07-17', NULL),
('KG', 'Kirguizistan', 'edilverbm', '2014-07-17', NULL),
('KH', 'Camboya', 'edilverbm', '2014-07-17', NULL),
('KI', 'Kiribati', 'edilverbm', '2014-07-17', NULL),
('KM', 'Comoras', 'edilverbm', '2014-07-17', NULL),
('KN', 'San Cristobal y Nieves', 'edilverbm', '2014-07-17', NULL),
('KP', 'Corea del Norte', 'edilverbm', '2014-07-17', NULL),
('KR', 'Corea del Sur', 'edilverbm', '2014-07-17', NULL),
('KW', 'Kuwait', 'edilverbm', '2014-07-17', NULL),
('KY', 'Islas Caiman', 'edilverbm', '2014-07-17', NULL),
('KZ', 'Kasajistan', 'edilverbm', '2014-07-17', NULL),
('LA', 'Laos', 'edilverbm', '2014-07-17', NULL),
('LB', 'Libano', 'edilverbm', '2014-07-17', NULL),
('LC', 'Santa Lucia', 'edilverbm', '2014-07-17', NULL),
('LI', 'Liechtenstein', 'edilverbm', '2014-07-17', NULL),
('LK', 'Sri Lanka', 'edilverbm', '2014-07-17', NULL),
('LR', 'Liberia', 'edilverbm', '2014-07-17', NULL),
('LS', 'Lesoto', 'edilverbm', '2014-07-17', NULL),
('LT', 'Lituania', 'edilverbm', '2014-07-17', NULL),
('LU', 'Luxemburgo', 'edilverbm', '2014-07-17', NULL),
('LV', 'Letonia', 'edilverbm', '2014-07-17', NULL),
('LY', 'Libia', 'edilverbm', '2014-07-17', NULL),
('MA', 'Marruecos', 'edilverbm', '2014-07-17', NULL),
('MC', 'Monaco', 'edilverbm', '2014-07-17', NULL),
('MD', 'Moldavia', 'edilverbm', '2014-07-17', NULL),
('MG', 'Madagascar', 'edilverbm', '2014-07-17', NULL),
('MH', 'Islas Marshall', 'edilverbm', '2014-07-17', NULL),
('MK', 'Macedonia', 'edilverbm', '2014-07-17', NULL),
('ML', 'Mali', 'edilverbm', '2014-07-17', NULL),
('MN', 'Mongolia', 'edilverbm', '2014-07-17', NULL),
('MO', 'Maicao', 'edilverbm', '2014-07-17', NULL),
('MQ', 'Martinica', 'edilverbm', '2014-07-17', NULL),
('MR', 'Mauritania', 'edilverbm', '2014-07-17', NULL),
('MS', 'Monserrat', 'edilverbm', '2014-07-17', NULL),
('MT', 'Malta', 'edilverbm', '2014-07-17', NULL),
('MU', 'Mauricio', 'edilverbm', '2014-07-17', NULL),
('MV', 'Maldivas', 'edilverbm', '2014-07-17', NULL),
('MW', 'Malaui', 'edilverbm', '2014-07-17', NULL),
('MX', 'Mexico', 'edilverbm', '2014-07-17', NULL),
('MY', 'Malasia', 'edilverbm', '2014-07-17', NULL),
('MZ', 'Mozambique', 'edilverbm', '2014-07-17', NULL),
('NA', 'Namibia', 'edilverbm', '2014-07-17', NULL),
('NC', 'Nueva Caledonia', 'edilverbm', '2014-07-17', NULL),
('NE', 'Niger', 'edilverbm', '2014-07-17', NULL),
('NF', 'Isla Norfolk', 'edilverbm', '2014-07-17', NULL),
('NG', 'Nigeria', 'edilverbm', '2014-07-17', NULL),
('NI', 'Nicaragua', 'edilverbm', '2014-07-17', NULL),
('NL', 'Paises Bajos', 'edilverbm', '2014-07-17', NULL),
('NO', 'Noruega', 'edilverbm', '2014-07-17', NULL),
('NP', 'Nepal', 'edilverbm', '2014-07-17', NULL),
('NR', 'Nauru', 'edilverbm', '2014-07-17', NULL),
('NW', 'Islas Marianas del Norte', 'edilverbm', '2014-07-17', NULL),
('NZ', 'Nueva Zelanda', 'edilverbm', '2014-07-17', NULL),
('OM', 'Oman', 'edilverbm', '2014-07-17', NULL),
('PA', 'Panama', 'edilverbm', '2014-07-17', NULL),
('PE', 'Peru', 'edilverbm', '2014-07-17', NULL),
('PF', 'Polinesia Frencesa', 'edilverbm', '2014-07-17', NULL),
('PG', 'Papua Nueva Guinea', 'edilverbm', '2014-07-17', NULL),
('PH', 'Filipinas', 'edilverbm', '2014-07-17', NULL),
('PK', 'Pakistan', 'edilverbm', '2014-07-17', NULL),
('PL', 'Polonia', 'edilverbm', '2014-07-17', NULL),
('PM', 'San Pedro y Miguelon', 'edilverbm', '2014-07-17', NULL),
('PN', 'Islas Pitcairn', 'edilverbm', '2014-07-17', NULL),
('PR', 'Puerto Rico', 'edilverbm', '2014-07-17', NULL),
('PT', 'Portugal', 'edilverbm', '2014-07-17', NULL),
('PW', 'Palaos', 'edilverbm', '2014-07-17', NULL),
('PY', 'Paraguay', 'edilverbm', '2014-07-17', NULL),
('QA', 'Qatar', 'edilverbm', '2014-07-17', NULL),
('RE', 'Reunion', 'edilverbm', '2014-07-17', NULL),
('RO', 'Rumania', 'edilverbm', '2014-07-17', NULL),
('RU', 'Rusia', 'edilverbm', '2014-07-17', NULL),
('RW', 'Ruanda', 'edilverbm', '2014-07-17', NULL),
('SA', 'Arabia', 'edilverbm', '2014-07-17', NULL),
('SB', 'Islas Salomon', 'edilverbm', '2014-07-17', NULL),
('SC', 'Seycelles', 'edilverbm', '2014-07-17', NULL),
('SD', 'Sudan', 'edilverbm', '2014-07-17', NULL),
('SE', 'Suecia', 'edilverbm', '2014-07-17', NULL),
('SG', 'Singapur', 'edilverbm', '2014-07-17', NULL),
('SH', 'Santa Helena', 'edilverbm', '2014-07-17', NULL),
('SI', 'Eslovenia', 'edilverbm', '2014-07-17', NULL),
('SJ', 'Svalbard', 'edilverbm', '2014-07-17', NULL),
('SK', 'Eslovaquia', 'edilverbm', '2014-07-17', NULL),
('SL', 'Sierra Leona', 'edilverbm', '2014-07-17', NULL),
('SM', 'San Marino', 'edilverbm', '2014-07-17', NULL),
('SN', 'Senegal', 'edilverbm', '2014-07-17', NULL),
('SO', 'Somalia', 'edilverbm', '2014-07-17', NULL),
('SR', 'Suriname', 'edilverbm', '2014-07-17', NULL),
('ST', 'Santo Tome y Principe', 'edilverbm', '2014-07-17', NULL),
('SV', 'El Salvador', 'edilverbm', '2014-07-17', NULL),
('SY', 'Siria', 'edilverbm', '2014-07-17', NULL),
('SZ', 'Suazilandia', 'edilverbm', '2014-07-17', NULL),
('TC', 'Islas Turcas y Kaicos', 'edilverbm', '2014-07-17', NULL),
('TD', 'Chad', 'edilverbm', '2014-07-17', NULL),
('TG', 'Togo', 'edilverbm', '2014-07-17', NULL),
('TH', 'Tailandia', 'edilverbm', '2014-07-17', NULL),
('TJ', 'Tayiquistan', 'edilverbm', '2014-07-17', NULL),
('TK', 'Islas Tokelau', 'edilverbm', '2014-07-17', NULL),
('TM', 'Turkmenistan', 'edilverbm', '2014-07-17', NULL),
('TN', 'Tunez', 'edilverbm', '2014-07-17', NULL),
('TO', 'Tonga', 'edilverbm', '2014-07-17', NULL),
('TR', 'Turquia', 'edilverbm', '2014-07-17', NULL),
('TT', 'Trinidad y Tobago', 'edilverbm', '2014-07-17', NULL),
('TV', 'Tuvalu', 'edilverbm', '2014-07-17', NULL),
('TW', 'Taiwan', 'edilverbm', '2014-07-17', NULL),
('TZ', 'Tanzania', 'edilverbm', '2014-07-17', NULL),
('UG', 'Uganda', 'edilverbm', '2014-07-17', NULL),
('UK', 'Reino Unido', 'edilverbm', '2014-07-17', NULL),
('UN', 'Islas Niue', 'edilverbm', '2014-07-17', NULL),
('US', 'Estados Unidos', 'edilverbm', '2014-07-17', NULL),
('UY', 'Uruguay', 'edilverbm', '2014-07-17', NULL),
('UZ', 'Uzbekistan', 'edilverbm', '2014-07-17', NULL),
('VA', 'El Vaticano', 'edilverbm', '2014-07-17', NULL),
('VC', 'San Vicente y las Granadillas', 'edilverbm', '2014-07-17', NULL),
('VE', 'Venezuela', 'edilverbm', '2014-07-17', NULL),
('VG', 'Islas Virgenes Britanicas', 'edilverbm', '2014-07-17', NULL),
('VN', 'Vietnam', 'edilverbm', '2014-07-17', NULL),
('VU', 'Vanatu', 'edilverbm', '2014-07-17', NULL),
('WG', 'Wallis y Futuna', 'edilverbm', '2014-07-17', NULL),
('WK', 'Isla Wake', 'edilverbm', '2014-07-17', NULL),
('WS', 'Samoa Oriental', 'edilverbm', '2014-07-17', NULL),
('YE', 'Yemen', 'edilverbm', '2014-07-17', NULL),
('YT', 'Mayotte', 'edilverbm', '2014-07-17', NULL),
('YU', 'Yugoslavia', 'edilverbm', '2014-07-17', NULL),
('ZA', 'Sudafrica', 'edilverbm', '2014-07-17', NULL),
('ZM', 'Zambia', 'edilverbm', '2014-07-17', NULL),
('ZR', 'Rep. Dem. del Congo', 'edilverbm', '2014-07-17', NULL),
('ZW', 'Zimbaue', 'edilverbm', '2014-07-17', NULL);

-- --------------------------------------------------------

--
-- Estructura de tabla para la tabla `tbl_personageneral`
--

CREATE TABLE IF NOT EXISTS `tbl_personageneral` (
  `PEGE_ID` int(11) NOT NULL AUTO_INCREMENT COMMENT 'ID',
  `PEGE_NOMBRE` varchar(100) DEFAULT NULL,
  `CIGE_IDRESIDENCIA` int(11) DEFAULT NULL COMMENT 'ID CIUDAD',
  `PEGE_DIRECCION` varchar(100) DEFAULT NULL COMMENT 'DIRECCION',
  `PEGE_MAIL` varchar(50) DEFAULT NULL COMMENT 'MAIL',
  `PEGE_TELEFONOCELULAR` varchar(20) DEFAULT NULL COMMENT 'CELULAR',
  `PEGE_FECHACAMBIO` date DEFAULT NULL COMMENT 'FECHA DE CAMBIO',
  `PEGE_TELEFONO` varchar(50) DEFAULT NULL COMMENT 'TELEFONO',
  `PAGE_IDRESIDENCIA` varchar(2) DEFAULT NULL COMMENT 'ID PAIS',
  `TIDG_ID` int(11) NOT NULL COMMENT 'ID TIPO DOCUMENTO',
  `PEGE_DOCUMENTOIDENTIDAD` varchar(15) DEFAULT NULL COMMENT 'DOCUMENTO',
  `PEGE_LUGAREXPEDICION` varchar(50) DEFAULT NULL COMMENT 'LUGAR DE EXPEDICION',
  `PEGE_FECHAEXPEDICION` date DEFAULT NULL COMMENT 'FECHA DE EXPEDICION',
  PRIMARY KEY (`PEGE_ID`),
  KEY `FK_TIDG` (`TIDG_ID`),
  KEY `FK2_CIGE_ID` (`CIGE_IDRESIDENCIA`),
  KEY `FK2_PAGE_ID` (`PAGE_IDRESIDENCIA`)
) ENGINE=InnoDB  DEFAULT CHARSET=utf8 AUTO_INCREMENT=29 ;

--
-- Volcado de datos para la tabla `tbl_personageneral`
--

INSERT INTO `tbl_personageneral` (`PEGE_ID`, `PEGE_NOMBRE`, `CIGE_IDRESIDENCIA`, `PEGE_DIRECCION`, `PEGE_MAIL`, `PEGE_TELEFONOCELULAR`, `PEGE_FECHACAMBIO`, `PEGE_TELEFONO`, `PAGE_IDRESIDENCIA`, `TIDG_ID`, `PEGE_DOCUMENTOIDENTIDAD`, `PEGE_LUGAREXPEDICION`, `PEGE_FECHAEXPEDICION`) VALUES
(1, 'a', 5040, 'asdf', 'asdfaa', '6351', '0000-00-00', '654', 'BD', 1, '1', '11', '0000-00-00'),
(2, 'a', 5040, 'asdf', 'asdfaa', '6351', '0000-00-00', '654', 'BD', 1, '1', '11', '0000-00-00'),
(3, 'a', 5040, 'asdf', 'asdfaa', '6351', '0000-00-00', '654', 'BD', 1, '1', '11', '0000-00-00'),
(4, 'a', 5040, 'asdf', 'asdfaa', '6351', '0000-00-00', '654', 'BD', 1, '1', '11', '0000-00-00'),
(5, 'a', 5040, 'asdf', 'asdfaa', '6351', '0000-00-00', '654', 'BD', 1, '1', '11', '0000-00-00'),
(6, 'aS', 5045, '111', '111', '111', '0000-00-00', '11', 'AZ', 1, '11', '11', '0000-00-00'),
(7, 'aS', 5045, '111', '111', '111', '0000-00-00', '11', 'AZ', 1, '11', '11', '0000-00-00'),
(8, 'aS', 5045, '111', '111', '111', '0000-00-00', '11', 'AZ', 1, '11', '11', '0000-00-00'),
(9, 'aS', 5045, '111', '111', '111', '0000-00-00', '11', 'AZ', 1, '11', '11', '0000-00-00'),
(10, 'aS', 5045, '111', '111', '111', '0000-00-00', '11', 'AZ', 1, '11', '11', '0000-00-00'),
(11, 'aS', 5045, '111', '111', '111', '0000-00-00', '11', 'AZ', 1, '11', '11', '0000-00-00'),
(12, 'a', 5051, 'a', 'a', '1', '0000-00-00', '11', 'AD', 1, 'a', '5038', '0000-00-00'),
(13, 'a', 5051, 'a', 'a', '1', '0000-00-00', '11', 'AD', 1, 'a', '5038', '0000-00-00'),
(14, 'x', 5059, 'x', 'x', '2', '0000-00-00', '2', 'BA', 1, 'x', '5045', '0000-00-00'),
(15, '3', 5038, '3', '3', '3', '0000-00-00', '3', 'AT', 1, '3', '5045', '0000-00-00'),
(16, '3', 5038, '3', '3', '3', '0000-00-00', '3', 'AT', 1, '3', '5045', '0000-00-00'),
(17, '3', 5038, '3', '3', '3', '0000-00-00', '3', 'AT', 1, '3', '5045', '0000-00-00'),
(18, 'z', 5055, 'z', 'z', '1', '0000-00-00', '1', 'BB', 1, '1', '11', '0000-00-00'),
(19, 'z', 5055, 'z', 'z', '1', '0000-00-00', '1', 'BB', 1, '1', '11', '0000-00-00'),
(20, 'z', 5059, 'z', 'z', '1', '0000-00-00', '1', 'BE', 1, '1', '5055', '0000-00-00'),
(21, 'z', 5059, 'z', 'z', '1', '0000-00-00', '1', 'BE', 1, '1', '5055', '0000-00-00'),
(22, 'q', 5059, 'q', 'q', '1', '0000-00-00', '1', 'AR', 1, '1', '11', '0000-00-00'),
(23, 'q', 5059, 'q', 'q', '1', '0000-00-00', '1', 'AR', 1, '1', '11', '0000-00-00'),
(24, 'q', 5059, 'q', 'q', '1', '0000-00-00', '1', 'AR', 1, '1', '11', '0000-00-00'),
(25, 'q', 5059, 'q', 'q', '1', '0000-00-00', '1', 'AR', 1, '1', '11', '0000-00-00'),
(26, 'q', 5059, 'q', 'q', '1', '0000-00-00', '1', 'AR', 1, '1', '11', '0000-00-00'),
(27, 'q', 5059, 'q', 'q', '1', '0000-00-00', '1', 'AR', 1, '1', '11', '0000-00-00'),
(28, 'F', 1128, 'F', 'F', '111', '2014-07-23', '1', 'AI', 1, '1', '11', '2014-07-31');

-- --------------------------------------------------------

--
-- Estructura de tabla para la tabla `tbl_tipodocumentogeneral`
--

CREATE TABLE IF NOT EXISTS `tbl_tipodocumentogeneral` (
  `TIDG_ID` int(11) NOT NULL AUTO_INCREMENT COMMENT 'ID',
  `TIDG_DESCRIPCION` varchar(50) NOT NULL COMMENT 'DESCRIPCION',
  `TIDG_REGISTRADOPOR` varchar(30) NOT NULL COMMENT 'REGISTRADO POR',
  `TIDG_FECHACAMBIO` date NOT NULL COMMENT 'FECHA DE CAMBIO',
  `TIDG_ABREVIATURA` varchar(5) DEFAULT NULL COMMENT 'ABREVIATURA',
  PRIMARY KEY (`TIDG_ID`)
) ENGINE=InnoDB  DEFAULT CHARSET=utf8 AUTO_INCREMENT=3 ;

--
-- Volcado de datos para la tabla `tbl_tipodocumentogeneral`
--

INSERT INTO `tbl_tipodocumentogeneral` (`TIDG_ID`, `TIDG_DESCRIPCION`, `TIDG_REGISTRADOPOR`, `TIDG_FECHACAMBIO`, `TIDG_ABREVIATURA`) VALUES
(1, 'CEDULA', '1', '2014-07-01', 'CC'),
(2, 'TARJETA DE IDENTIDAD', '1', '2014-07-01', 'TI');

-- --------------------------------------------------------

--
-- Estructura de tabla para la tabla `tbl_tipousuario`
--

CREATE TABLE IF NOT EXISTS `tbl_tipousuario` (
  `TIUSUA_ID` int(2) NOT NULL AUTO_INCREMENT COMMENT 'ID',
  `TIUSUA_DESCRIPCION` varchar(50) NOT NULL COMMENT 'DESCRIPCION',
  PRIMARY KEY (`TIUSUA_ID`)
) ENGINE=InnoDB  DEFAULT CHARSET=utf8 AUTO_INCREMENT=4 ;

--
-- Volcado de datos para la tabla `tbl_tipousuario`
--

INSERT INTO `tbl_tipousuario` (`TIUSUA_ID`, `TIUSUA_DESCRIPCION`) VALUES
(1, 'Administrador'),
(2, 'Empleador'),
(3, 'Aspirante');

-- --------------------------------------------------------

--
-- Estructura de tabla para la tabla `tbl_usuario`
--

CREATE TABLE IF NOT EXISTS `tbl_usuario` (
  `USUA_ID` int(11) NOT NULL AUTO_INCREMENT COMMENT 'ID',
  `USUA_FECHACAMBIO` date NOT NULL COMMENT 'FECHA DE CAMBIO',
  `USUA_REGISTRADOPOR` varchar(30) NOT NULL COMMENT 'REGISTRADO POR',
  `PEGE_ID` int(11) DEFAULT NULL COMMENT 'PERSONA ID',
  `USUA_USUARIO` varchar(30) NOT NULL COMMENT 'USUARIO',
  `USUA_CLAVE` varchar(30) NOT NULL COMMENT 'CONTRASEÑA',
  `TIUSUA_ID` int(11) NOT NULL COMMENT 'TIPO DE USUARIO',
  `USUA_ESTADO` varchar(1) NOT NULL COMMENT 'ESTADO',
  PRIMARY KEY (`USUA_ID`),
  KEY `FK_PEGE_ID` (`PEGE_ID`),
  KEY `FK_TIPO` (`TIUSUA_ID`)
) ENGINE=InnoDB  DEFAULT CHARSET=utf8 AUTO_INCREMENT=10 ;

--
-- Volcado de datos para la tabla `tbl_usuario`
--

INSERT INTO `tbl_usuario` (`USUA_ID`, `USUA_FECHACAMBIO`, `USUA_REGISTRADOPOR`, `PEGE_ID`, `USUA_USUARIO`, `USUA_CLAVE`, `TIUSUA_ID`, `USUA_ESTADO`) VALUES
(1, '2014-07-20', 'Usuario', 20, 'admin', 'admin', 1, '1'),
(2, '2014-07-20', 'Usuario', 21, 'randy', 'admin', 1, '1'),
(3, '2014-07-20', 'Usuario', 22, 'admin', 'admin', 1, '1'),
(4, '2014-07-20', 'Usuario', 23, 'admin', 'admin', 1, '1'),
(5, '2014-07-20', 'Usuario', 24, 'admin', 'admin', 1, '1'),
(6, '2014-07-20', 'Usuario', 25, 'admin', 'admin', 1, '1'),
(7, '2014-07-20', 'Usuario', 26, 'admin', 'admin', 1, '1'),
(8, '2014-07-20', 'Usuario', 27, 'admin', 'admin', 1, '1'),
(9, '2014-07-20', 'Usuario', 28, 'admin', 'admin', 1, '1');

--
-- Restricciones para tablas volcadas
--

--
-- Filtros para la tabla `tbl_departamentogeneral`
--
ALTER TABLE `tbl_departamentogeneral`
  ADD CONSTRAINT `tbl_departamentogeneral_ibfk_1` FOREIGN KEY (`PAGE_ID`) REFERENCES `tbl_paisgeneral` (`PAGE_ABREVIATURA`) ON UPDATE CASCADE;

--
-- Filtros para la tabla `tbl_personageneral`
--
ALTER TABLE `tbl_personageneral`
  ADD CONSTRAINT `FK2_CIGE_ID` FOREIGN KEY (`CIGE_IDRESIDENCIA`) REFERENCES `tbl_ciudadgeneral` (`CIGE_ID`),
  ADD CONSTRAINT `FK_TIDG_ID` FOREIGN KEY (`TIDG_ID`) REFERENCES `tbl_tipodocumentogeneral` (`TIDG_ID`);

--
-- Filtros para la tabla `tbl_usuario`
--
ALTER TABLE `tbl_usuario`
  ADD CONSTRAINT `FK_PEGE_ID` FOREIGN KEY (`PEGE_ID`) REFERENCES `tbl_personageneral` (`PEGE_ID`),
  ADD CONSTRAINT `tbl_usuario_ibfk_1` FOREIGN KEY (`TIUSUA_ID`) REFERENCES `tbl_tipousuario` (`TIUSUA_ID`);

/*!40101 SET CHARACTER_SET_CLIENT=@OLD_CHARACTER_SET_CLIENT */;
/*!40101 SET CHARACTER_SET_RESULTS=@OLD_CHARACTER_SET_RESULTS */;
/*!40101 SET COLLATION_CONNECTION=@OLD_COLLATION_CONNECTION */;
